,111749946,112283057,169788284,176729816,219966796,219970805,219988730,220005434,220005435,220077183,220077186,220077186,220077188,220077199,220077200,224154643,225050605,225369873,225653867,225653868,225653870,256658125,256804299,257533485,258232608,266707373,279661235,281897271,281897313,281897453,282390757,284111497,30211889,30594010,308418995,312095,331470285,34200501,34306881,34321480,34322270,34712709,34713414,34938736,34938931,34964387,34964389,35027386,35090945,35262535,35287186,35473951,35555802,35668959,36833262,36838658,36862078,36862079,36983203,36983355,37392836,37838298,37838305,38096856,38197680,39932211,39943833,40118495,40776881,40833719,40834094,40936510,41171303,41171611,41381926,41381930,41381956,41381969,41381974,41382021,41382037,41382048,41382050,41382063,41382065,41382066,41382067,41414176,41565469,43137511,43303917,43312372,43994484,441716179,44807020,462650164,46984433,47006773,47183565,48528180,48847308,49213173,49213174,49213209,54312635,54312803,54750746,54750756,54753594,55286775,606346646,653682617,653682630,662750817,662750819,662750821,673459827,673748731,674119834,680977772,681004077,684896313,684896327,684896617,685523035,685523036,685532414,741108552,758556445,75966604,7802037,808824380,822639623,882562260,9438671,954425546
G06008701001001,,,,,,,,1.33,2.01,,2.42,2.42,,,2.42,,,,,,,,,,,,,,,,,,,,,,,,,,,,,,,,,,,,,,,,,,,,,,2.52,,,,,,,,1.71,,,,,,,,,,,,,2.43,,,,,,,,,,,,,1.51,,,,,,,,,,,,,,,,,,,,,,,,,2.52,,,,,,,,,,,,,,,,
G06008701001002,,,,,,,,1.02,0.0,,0.53,0.53,,,0.53,,,,,,,,,,,,,,,,,,,,,,,,,,,,,,,,,,,,,,,,,,,,,,1.02,,,,,,,,0.35,,,,,,,,,,,,,0.92,,,,,,,,,,,,,1.01,,,,,,,,,,,,,,,,,,,,,,,,,1.02,,,,,,,,,,,,,,,,
G06008701002001,,,,,,,,,1.46,,1.23,1.23,,,1.23,,,,,,,,,,0.96,,,,,,,,,,,,,,,,,,,,,,,,,,,,,,,,,,,,0.74,,,,,,,,1.16,,,,,,,,,,,,,0.65,,,,,,,,,,,,,0.98,,,,,,,,,,,,,,,,,,,,,,,,,0.74,,,,,,,,,,,,,,,,
G06008701002002,,,,,,,,0.33,0.94,0.74,1.35,1.35,,,1.35,,,,,,,,,,,,,,,,,,,,,,,,,,,,,,,,,,,,,,,,0.48,,,,,,1.02,,,,,,,,0.65,,,,,,,,,,,,,,,,,,,,,,,,,,0.32,,,,,,,,,,,,,,,,,,,,,,,,,,,,,,,,,,,,,,,,,
G06008701002003,,,0.55,,,,,0.0,,0.41,,,,0.77,,,,,,,,,,,,,,,,,,,,,,,,,,,,,,,,,,,,,,0.46,,1.13,0.51,,,,,,,,,,,,,,0.94,,,,,,,,,,,,,,,,,,,,,,,,,,0.22,,,,,,,,,,,,,,,,,,,,,,,,,,,,,,,,,,,,,,,,,0.82
G06008701002004,,,1.11,,,,,0.85,,1.01,,,,1.35,,,,,,,,,,,,,,,,,,,,,,,,,,,,,,,,,,,,,,1.09,0.74,0.38,1.15,,,,,,,,,,,,,,,,,,,,,,,,,,,,,,,,,,,,,,,,1.03,,,,,,,,,,,,,,,,,,,,,,,,,,,,,,,,,,,,,,,,,1.3
G06008701002005,,,2.79,,,,,2.47,,2.69,,,,,,,,,,,,,,,,,,,,,,,,,,,,,,,,,,,,,,,,,,2.77,2.34,2.06,2.83,,,,,,,,,,,,,,,,,,,,,,,,,,,,,,,,,,,,,3.25,,,2.66,,,,,,,,,,,,,,,,,,,,,,,,,,,,,,,,,,,,2.95,,,,,
G06008701002006,,,1.17,,,,,,,1.07,,,,,,,,,,,,,,,,,,,,,,,,1.37,,,,,1.1,,,,,,,,,,,,,1.15,0.54,0.5,,,,,,,,,,,,,,,,,,,,,,,,,,,,,,,,,,,,,1.14,1.66,,,,,,,,,,,,,,,,,,,,,,,,,,,,,,,,,,,,,,,1.14,,,,,
G06008701002007,,,1.09,,,,,1.25,,0.99,,,,,,,,,,,,,,,,,,,,,,,,,,,,,,,,,,,,,,,,,,1.07,0.46,0.39,,,,,,,,,,,,,,,,,,,,,,,,,,,,,,,,,,,,,1.06,1.55,,,1.35,,,,,,,,,,,,,,,,,,,,,,,,,,,,,,,,,,,,1.06,,,,,
G06008701003001,,,,,,,,,,,,,,,,,,,,,,,,,,,,,,,,,,2.03,,,,3.62,,,1.63,,,,,3.73,3.7,,,,,,,,,,3.03,2.74,,,,,,,,,,,,,,,,,,,,,,,,,,,,,,,,,2.06,2.32,,,,,,,,,,,,,,,,,,,,,,,,,,,,,,,,,,,,,,,2.06,,,,,
G06008701003002,,,,,,,1.22,,,,,,0.99,,,,,,,,,,,,,,,,,,,,,1.06,,,,0.87,,,2.41,,,,,0.98,0.95,1.12,,,,,,,,,0.62,0.33,,,,,,,,,,,,,,,,,,,,,,,,,,,,,,,,,,,,,,,,,,,,,,,,,,,,,,,,,,,,,,,,,,,,,,,,,,,,,,
G06008701004001,,,,,,,,,,,,,2.85,,,,,,,,,,,,,,,,,,,,,2.92,,,,2.08,,,4.27,,,,,2.19,2.16,2.91,,,,,,,,,2.48,2.19,,,,,,,,,,,,,,,,,,,,,,,,,,,,,,,,,,2.8,,,,,,,,,,,,,,,,,,,,,,,,,,,,,,,,,,,,,,,,,,,,
G06008701004002,,,,,,,,,,,,,2.37,,,,,,,,,,,,,,,,,,,,,2.44,,,,0.74,,,3.79,,,,,0.85,0.82,,,,,,,,,,2.0,1.71,,,,,,,,,,,,,,,,,,,,,,,,,,,,,,,,,,2.32,,,,,,,,,,,,,,,,,,,,,,,,,,,,,,,,,,,,,,,2.72,,,,,
G06008701004003,,,,,,,,,,,,,3.68,,,,,,,,,,,,,,,,,,,,,3.74,,,,2.13,,,5.09,,,,,2.24,2.21,,,,,,,,,,3.3,3.01,,,,,,,,,,,,,,,,,,,,,,,,,,7.2,,,,,,,,3.62,,,,,,,,,,,,,,,,,,,,,,,,,,,,,,,,,,,,,,,,,,,,
G06008701005001,,,,,,0.51,,,,,,,,,,,,,,,,,,,,,,,,,,,,,,,,1.17,,,,,,1.01,,1.28,1.26,0.88,,,,,,,,,,1.07,,,,,,,,,,,,,,,,,,,,,,,,,,,,,,,,,,,,,,,0.88,0.94,,,,,,,,,1.03,,,,,,,,,,,,,,,,,,,,,,,,,,,,,
G06008701005002,,,,,,0.94,,,,,,,1.38,,,,,,,,,,,,,,,,,,,,,,,,,1.03,,,,,,1.44,,1.14,1.11,1.31,,,,,,,,,1.43,1.14,,,,,,,,,,,,,,,,,,,,,,,,,,,,,,,,,,,,,,,,1.37,,,,,,,,,,,,,,,,,,,,,,,,,,,,,,,,,,,,,,
G06008701005003,,,,,2.32,1.66,,,,,,,,,,,,,,,,,,,,,,,,,,,,,,,,1.48,,,,,,2.13,,1.59,1.56,2.03,,,,,,,,,1.88,1.59,,,,,,,,,,,,,,,,,,,,,,,,,,,,,,,,,,,,,,,,,2.19,,,,,,,,,,,,,,,,,,,,,,,,,,,,,,,,,,,,,
G06008701006001,0.77,,,,,0.59,0.33,,,,,,0.34,,,,,,,,,,,,,,,,,,,,,0.68,,,,,0.75,,,,,,,,,0.12,,,,,,,,,,1.09,,,,,,,,,,,,,,,,,,,,,,,,,,,,,,,,,,,,,,,,0.8,,,,,,,,,,,0.57,,,,,,,,,,,,,,,,,,,,,,,,,,,
G06008701006002,,,,,,0.3,0.88,,,,,,,,,,,,,,,,,,,,,,,,,,,,,,0.72,,,,,,,0.79,,,,0.68,,,,,,,,,,,,,,,,,,,,,,,,,,,,,,,,,,,,,,,,,,,,,,,,,0.51,0.74,0.86,,,,,,,,0.82,0.72,,,,,,,,,,,,,,,,,,,,,,,,,,,,
G06008701006003,,,,,,0.54,0.87,,,,,,0.71,,,,,,,,,,,,,,,,,,,,,,,,,1.22,,,,,,,,1.33,1.3,0.66,,,,,,,,,0.83,0.54,,,,,,,,,,,,,,,,,,,,,,,,,,,,,,,,,,,,,,,,0.96,,,,,,,,,,,,,,,,,,,,,,,,,,,,,,,,,,,,,,
G06008701007001,0.77,,,,,,,,,,,,1.14,,,,,,,,,,,,,,,,,,,,,0.97,,,,,0.73,,,,,,,,,,,,,,0.76,,,,,,,,,,,,0.77,,,,,,,,,,,,,,,,,,,,,,,,,,0.77,1.26,,,,,,,,,,,,,,,,,0.97,,,,,,,,,,,,,,,,,,,,,,0.77,,,,,
G06008701007002,0.32,,,,,,0.45,,,,,,,,,,,,,,,,,,,,,,,,,,,0.34,,,,,0.21,,,,,,,,,,,,,,0.54,,,,,,,,,,,,0.32,,,,,,,,,,,,,,,,,,,,,,,,,,0.11,0.63,,,,,,,,,,,,,,,,,0.43,,,,,,,,,,,,,,,,,,,,,,0.11,,,,,
G06008701008001,,,0.41,,,,,0.64,,0.39,,,,0.47,,,,,,,,,,,,,,,,,,,,,,,,,,,,,,,,,,,,,,0.47,0.64,0.87,0.45,,,,,,,,,,,,,,,,,,,,,,,,,,,,,,,,,,,,,,,,0.67,,,,,,,,,,,,,,,,,,,,,,,,,,,,,,,,,,,,,,,,,0.37
G06008701008002,,,1.09,,,,,,,1.07,,,,0.76,,,,,,,,,,,,,,,,,,,,,,,,,,1.42,,,,,,,,,1.07,,,1.15,1.08,,1.05,,,,,,,,,,1.33,,,,,,,,,,,,,,,,,,,,,,,,,,,,,,,,,,,,,,,,,,,,,,,,,,,,,,,,,,,,,,,,,,,,,,,0.66
G06008701008003,,,0.66,,,,,,,0.56,,,,,,,,,,,,,,,,,,,,,,,,,,,,,0.62,,,,,,,,,,,,,0.63,0.02,0.44,,,,,,,,,,,0.66,,,,,,,,,,,,,,,,,,,,,,,,,,0.66,,,,,,,,,,,,,,,,,,,,,,,,,,,,,,,,,,,,,,,,0.66,,,,,0.85
G06008701008004,0.72,,,,,,,,,,,,,0.85,,,,,,,,,,,,,,,,,,,,,,,,,0.9,0.72,,,,,,,,,0.34,,,,0.65,,,,,,,,,,,,0.72,,,,,,,,,,,,,,,,,,,,,,,,,,1.05,,,,,,,,,,,,,,,,,,0.78,,,,,,,,,,,,,,,,,,,,,,,,,,,0.76
G06008701008005,0.92,,0.85,,,,,,,0.83,,,,0.64,,,,,,,,,,,,,,,,,,,,,,,,,,,,,,,,,,,0.66,,,0.9,0.67,,0.85,,,,,,,,,,0.92,,,,,,,,,,,,,,,,,,,,,,,,,,,,,,,,,,,,,,,,,,,,,,,,,,,,,,,,,,,,,,,,,,,,,,,0.54
G06008701008006,,,0.8,,,,,0.96,,0.77,,,,0.32,,,,,,,,,,,,,,,,,,,,,,,,,,,,,,,,,,,0.88,,,0.85,0.89,,0.61,,,,,,,,,,,,,,,,,,,,,,,,,,,,,,,,,,,,,,,,0.91,,,,,,,,,,,,,,,,,,,,,,,,,,,,,,,,,,,,,,,,,0.22
G06008701009001,,,1.21,,,,,,,1.19,,,,0.57,,,,,,,,,,,1.35,,,,,,,,,,,,,,,,,,,,,,,,,,,1.26,,,0.72,,,,,,,,,,,,,,,,,,,,,,,,,,,1.04,,,,,,,,,,,,,0.91,,,,,,,,,,,,,,,,,,,,,,,,,1.14,,,,,,,,,,,,,,,,0.66
G06008701009002,,,0.68,,,,,0.76,,0.66,,,,0.15,,,,,,,,,,,,,,,,,,,,,,,,,,,,,,,,,,,,,,0.73,0.91,1.13,0.36,,,,,,,,,,,,,,,,,,,,,,,,,,,,,,,,,,,,,,,,0.59,,,,,,,,,,,,,,,,,,,,,,,,,,,,,,,,,,,,,,,,,0.25
G06008701009003,,,1.12,,,,,1.2,,1.1,,,,0.43,,,,,,,,,,,,,,,,,,,,,,,,,,,,,,,,,,,0.99,,,1.18,1.25,,0.81,,,,,,,,,,,,,,,,,,,,,,,,,,,,,,,,,,,,,,,,1.11,,,,,,,,,,,,,,,,,,,,,,,,,,,,,,,,,,,,,,,,,0.51
G06008701009004,,,,,,,,,,,,,,1.01,,,,,,,,,,,1.77,,,,,,,,,,,,,,,,,,,,,,,,1.05,,,,1.64,,1.39,,,,,,,,,,,2.16,,,,,,2.15,2.14,,,,,,,,,,2.14,,,,,,,,,,,,,,,,,,,,,,,,,,,,,,,,,,,,,,,,,,,,,,,,,,,,,1.05
G06008701009005,1.38,,,,,,,,,,,,,0.95,,,,,,,,,,,,,,,,,,,,,,,,,,1.26,,,,,,,,,0.6,,,,1.18,,1.27,,,,,,,,,,1.38,1.71,,,,,,,,,,,,,,,,,,,,,,,,,,,,,,,,,,,,,,,,,,,1.41,,,,,,,,,,,,,,,,,,,,,,,,,,,0.85
G06008701010001,0.24,,,,,,0.62,,,,,,,,,,,,,,,,,,,,,,,,,,,,,,,,0.46,0.12,,,,,,,,0.73,0.68,,,,,,,,,,,,,,,,0.24,,,,,,,,,,,,,,,,,,,,,,,,,,0.69,,,,,,,0.78,,,,,,,,,,,0.28,,,,,,,,,,,,,,,,,,,,,,,,,,,
G06008701010002,0.2,,,,,,0.34,,,,,,0.61,,,,,,,,,,,,,,,,,,,,,0.53,,,,,0.22,0.17,,,,,,,,0.45,,,,,,,,,,,,,,,,,0.2,,,,,,,,,,,,,,,,,,,,,,,,,,0.53,,,,,,,,,,,,,,,,,,0.0,,,,,,,,,,,,,,,,,,,,,,,,,,,
G06008701010003,0.41,,,,,,0.13,,,,,,0.4,,,,,,,,,,,,,,,,,,,,,0.63,,,,,0.43,0.31,,,,,,,,0.23,,,,,,,,,,,,,,,,,0.41,,,,,,,,,,,,,,,,,,,,,,,,,,,,,,,,,0.46,,,,,,,,,,,0.21,,,,,,,,,,,,,,,,,,,,,,,,,,,
G06008701010004,1.05,,,,,,1.41,,,,,,,,,,,,,,,,,,,,,,,,,,,,,,,,1.26,0.93,,,,,,,,,0.35,,,,,,,,,,,,,,,,1.05,0.93,,,,,,,,,,,,,,,,,,,,,,,,,,,,,,,,1.35,,,,,,,,,1.39,,1.08,,,,,,,,,,,,,,,,,,,,,,,,,,,
G06008701010005,,,,,,0.32,0.34,,,,,,0.62,,,,,,,,,,,,,,,,,,,,,,,,0.83,,,0.68,,,,,,,,0.42,,,,,,,,,,,,,,,,,,,,,,,,,,,,,,,,,,,,,,,,,,,,,,,,,0.62,0.35,,,,,,,,,0.59,,0.58,,,,,,,,,,,,,,,,,,,,,,,,,,,
G06008701010006,,,,,,0.83,0.64,,,,,,,,,,,,,,,,,,,,,,,,,,,,,,1.07,,,0.54,,,,,,,,0.73,,,,,,,,,,,,,,,,,,,,,,,,,,,,,,,,,,,,,,,,,,,,,,,,,0.98,0.53,,,,,,,,,0.89,1.07,0.59,,,,,,,,,,,,,,,,,,,,,,,,,,,
G06008701010007,0.62,,,,,,0.99,,,,,,,,,,,,,,,,,,,,,,,,,,,,,,,,0.83,0.5,,,,,,,,,0.43,,,,1.04,,,,,,,,,,,,0.62,0.9,,,,,,,,,,,,,,,,,,,,,,,,,,,,,,,,0.92,,,,,,,,,,,0.65,,,,,,,,,,,,,,,,,,,,,,,,,,,
G06008701011001,,,,,0.65,1.01,,,,,,,,,,,,,,,,,,,,,,,,,,,,,,,0.31,,,,,,,0.62,,,,,,,,,,,,,,,,,,,,,,0.71,,,,,,,,,,,,,,,,,,,,,,,,,,,,,,,0.48,0.93,0.56,,,,,,,,0.62,0.31,,,,,,,,,,,,,,,,,,,,,,,,,,,,
G06008701011002,,,,,,0.66,,,,,,,,,,,,,,,,,,,,,,,,,,,,,,,0.2,,,1.11,,,,0.85,,,,,,,,,,,,,,,,,,,,,,0.76,,,,,,,,,,,,,,,,,,,,,,,,,,,,,,,0.3,0.55,0.88,,,,,,,,0.18,0.2,,,,,,,,,,,,,,,,,,,,,,,,,,,,
G06008701011003,,,,,0.81,0.65,,,,,,,,,,,,,,,,,,,,,,,,,,,,,,,0.21,,,,,,,0.58,,,,,,,,,,,,,,,,,,,,,,1.01,,,,,,,,,,,,,,,,,,,,,,,,,,,,,,,0.11,0.57,0.61,,,,,,,,0.59,0.21,,,,,,,,,,,,,,,,,,,,,,,,,,,,
G06008701011004,,,,,1.34,1.27,,,,,,,,,,,,,,,,,,,,,,,,,,,,,,,0.86,,,,,,,1.32,,,,,,,,,,,,,,,,,,,,,,0.32,,,,,,,,,,,,,,,,,,,,,,,,,,,,,,,1.02,1.15,1.26,,,,,,,,0.96,0.86,,,,,,,,,,,,,,,,,,,,,,,,,,,,
G06008701011005,,,,,,0.24,0.65,,,,,,,,,,,,,,,,,,,,,,,,,,,,,,0.53,,,,,,,0.78,,,,0.73,,,,,,,,,,,,,,,,,,,,,,,,,,,,,,,,,,,,,,,,,,,,,,,,,0.32,0.42,0.85,,,,,,,,0.51,0.53,,,,,,,,,,,,,,,,,,,,,,,,,,,,
G06008701012001,,,,,0.73,1.19,,,,,,,,,,,,,,,,,,,,,,,,,,,,,,,1.07,,,,,,,0.59,,,,1.56,,,,,,,,,,,,,,,,,,,,,,,,,,,,,,,,,,,,,,,,,,,,,,,,,0.97,1.4,0.66,,,,,,,,1.45,1.07,,,,,,,,,,,,,,,,,,,,,,,,,,,,
G06008701012002,,,,,0.21,1.14,,,,,,,,,,,,,,,,,,,,,,,,,,,,,,,0.69,,,,,,,0.2,,,,,,,,,,,,,,,,,,,,,,1.14,,,,,,,,,,,,,,,,,,,,,,,,,,,,,,,0.72,1.17,0.13,,,,,,,,1.05,0.69,,,,,,,,,,,,,,,,,,,,,,,,,,,,
G06008701012003,,,,,0.67,1.92,,,,,,,,,,,,,,,,,,,,,,,,,,,,,,,1.57,,,,,,,0.96,,,,2.29,,,,,,,,,,,,,,,,,,,,,,,,,,,,,,,,,,,,,,,,,,,,,,,,,1.6,2.06,0.89,,,,,,,,1.94,1.57,,,,,,,,,,,,,,,,,,,,,,,,,,,,
G06008701101001,,,,,,,,,,,,,,,,,0.23,,0.73,0.63,0.85,,,,,,,,,,,,,,,,,,,,,,0.94,,,,,,,,,,,,,,,,1.99,0.31,,,,,,,,,,,,,,,,,,,,,,,,,,,,,,,,,,,,,,,,,,,,,,,,,,,,,,0.42,1.17,,,,,,,,,,,,,,,,,,,0.74,,
G06008701101002,,,,,,,,,,,,,,,,,0.48,,0.98,0.88,1.09,,,,,,,,,,,,,,,,,,,,,,1.18,,,,,,,,,,,,,,,,2.14,0.56,,,,,,,,,,,,,,,,,,,,,,,,,,,,,,,,,,,,,,,,,,,,,,,,,,,,,,0.66,1.41,,,,,,,,,,,,,,,,,,,0.98,,
G06008701101003,,,,,,,,,,,,,,,,,0.85,,1.36,1.26,1.42,,,,,,,,,,1.35,,,,,,,,,,,,1.44,,,,,,,,,,,,,,,,,0.89,,,,,,,,,,,,,,,,,,,,,,,,,,,,,,,,,,,,,,,,,,,,,,,,,,,,,,0.99,1.73,,,,,,,,,,,,,,,,,,,1.3,,
G06008701101004,,,,,,,,,,,,,,,,,1.42,,1.75,1.82,2.04,,,,,,,,,,1.25,,,,,,,,,,,,2.14,,,,,,,,,,,,,,,,2.85,1.5,,,,,,,,,,,,,,,,,,,,,,,,,,,,,,,,,,,,,,,,,,,,,,,,,,,,,,1.69,,,,,,,,,,,,,,,,,,,,2.0,,
G06008701102001,,,,,,,,,,,,,,,,,1.42,1.84,,1.76,,,,,,,,,,,2.02,,,,,,,,,,,,1.48,,,,,,,1.54,,,,,,,,,1.41,1.38,,,,,,,,,,,,,,,,,,,,,,,,,,,,,,,,,2.22,,,,,,,,,,,,,,,,,,,,,1.48,,,,,,,,,,,,,,,,,,,,,,
G06008701102002,,,,,,,,,,,,,,,,,0.82,,1.3,1.19,1.31,,,,,,,,,,,,,,,,,,,,,,1.04,,,,,,,,,,,,,,,,1.71,0.78,,,,,,,,,,,,,,,,,,,,,,,,,,,,,,,,,,,,,,,,,,,,,,,,,,,,,,0.88,1.62,,,,,,,,,,,,,,,,,,,1.19,,
G06008701102003,,,,,,,,,,,,,,,,,0.87,,1.15,1.05,1.16,,,,,,,,,,,,,,,,,,,,,,0.87,,,,,,,,,,,,,,,,1.51,0.63,,,,,,,,,,,,,,,,,,,,,,,,,,,,,,,,,,,,,,,,,,,,,,,,,,,,,,0.73,1.48,,,,,,,,,,,,,,,,,,,1.05,,
G06008701102004,,,,,,,,,,,,,,,,,1.18,,1.52,1.41,1.51,,,,,,,,,,,,,,,,,,,,,,1.13,,,,,,,1.43,,,,,,,,,1.25,1.09,,,,,,,,,,,,,,,,,,,,,,,,,,,,,,,,,,,,,,,,,,,,,,,,,,,,,,1.13,,,,,,,,,,,,,,,,,,,,1.39,,
G06008701102005,,,,,,,,,,,,,,,,,1.44,,1.92,1.82,,,,,,,,,,,1.25,,,,,,,,,,,,1.69,,,,,,,2.4,,,,,,,,,2.22,1.4,,,,,,,,,,,,,,,,,,,,,,,,,,,,,,,,,,,,,,,,,,,,,,,,,,,,,,1.5,,,,,,,,,,,,,,,,,,,,1.82,,
G06008701103001,,,,,,,,,,,,,,,,,0.87,,0.68,0.58,0.69,,,,,,,,,,,,,,,,,,,,,,0.45,,,,,,,,,,,,,,,,1.36,0.46,,,,,,,,,,,,,,,,,,,,,,,,,,,,,,,,,,,,,,,,,,,,,,,,,,,,,,0.26,1.01,,,,,,,,,,,,,,,,,,,0.58,,
G06008701103002,,,,,,,,,,,,,,,,,0.78,,0.34,0.24,0.35,,,,,,,,,,,,,,,,,,,,,,0.44,,,,,,,,,,,,,,,,1.49,0.49,,,,,,,,,,,,,,,,,,,,,,,,,,,,,,,,,,,,,,,,,,,,,,,,,,,,,,0.38,0.66,,,,,,,,,,,,,,,,,,,0.24,,
G06008701103003,,,,,,,,,,,,,,,,,1.28,,0.86,0.75,0.71,,,,,,,,,,,,,,,,,,,,,,0.34,,,,,,,,,,,,,,,,1.25,0.87,,,,,,,,,,,,,,,,,,,,,,,,,,,,,,,,,,,,,,,,,,,,,,,,,,,,,,0.68,1.02,,,,,,,,,,,,,,,,,,,0.59,,
G06008701103004,,,,,,,,,,,,,,,,,0.44,,0.21,0.22,0.44,,,,,,,,,,,,,,,,,,,,,,0.86,,,,,,,,,,,,,,,,1.91,0.34,,,,,,,,,,,,,,,,,,,,,,,,,,,,,,,,,,,,,,,,,,,,,,,,,,,,,,0.45,0.83,,,,,,,,,,,,,,,,,,,0.61,,
G06008701104001,,,,,,,,,,,,,,,,,2.31,,1.87,1.76,1.55,,,,,,,,,,,,,,,,,,,,,,1.82,,,,,,,,,,,,,,,,1.48,2.01,,,,,,,,,,,,,,,,,,,,,,,,,,,,,,,,,,,,,,,,,,,,,,,,,,,,,,1.91,1.23,,,,,,,,,,,,,,,,,,,1.54,,
G06008701104002,,,,,,,,,,,,,,,,,1.7,,1.12,1.14,1.06,,,,,,,,,,,,,,,,,,,,,,1.47,,,,,,,,,,,,,,,,2.24,1.59,,,,,,,,,,,,,,,,,,,,,,,,,,,,,,,,,,,,,,,,,,,,,,,,,,,,,,1.49,0.84,,,,,,,,,,,,,,,,,,,1.15,,
G06008701104003,,,,,,,,,,,,,,,,,,1.82,,,1.92,,,,,,,,,,,,,,,,,,,,,1.2,1.59,,,,,,,1.91,,,,,,,,,1.26,,,,,0.55,,,,,,,,,,,,,,,,,,,,,,,,,,,,,,,,,,,,,,,,,,,,,,,,,,2.17,1.82,,,,,,,,,,,,,,,,,,,1.77,,
G06008701104004,,,,,,,,,,,,,,,,,,,,1.72,1.5,,,,,,,,,,,,,,,,,,,,,1.49,1.18,,,,,,,,,,,,,,,,0.84,1.95,,,,0.96,,,,,,,,,,,,,,,,,,,,,,,,,,,,,,,,,,,,,,,,,,,,,,,,,,1.75,1.41,,,,,,,,,,,,,,,,,,,1.36,,
G06008701105011,,,,,,,,,,,,,,,,,1.43,,1.36,1.26,1.35,,,,,,,,,,,,,,,,,,,,,,0.98,,,,,,,,,,,,,,,,0.79,1.01,,,,,,,,,,,,,,,,,,,,,,,,,,,,,,,,,,,,,,,,,,,,,,,,,,,,,,0.98,1.64,,,,,,,,,,,,,,,,,,,1.24,,
G06008701105012,,,,,,,,,,,,,,,,,,1.57,,,1.67,,,,,,,,,,,,,,,,,,,,,1.83,1.29,,,,,,,1.65,,,,,,,,,0.55,1.67,,,,1.66,,,,,,,,,,,,,,,,,,,,,,,,,,,,,,,,,,,,,,,,,,,,,,,,,,1.63,,,,,,,,,,,,,,,,,,,,1.49,,
G06008701105013,,,,,,,,,,,,,,,,,,0.87,,,,,,,,,,,,,,,,,,,,,,,,0.58,1.9,,,,,,,0.96,,,,,,,,,0.98,2.5,,,,1.15,,,,,,,,,,,,,,,,,,,,,,,,,,,,,,,,,,,,,,,,,,,,,,,,,,2.31,2.31,,,,,,,,,,,,,,,,,,,2.11,,
G06008701105014,,,,,,,,,,,,,,,,,,1.13,,,,,,,,,,,,,,,,,,,,,,,,0.9,2.13,,,,,,,1.22,,,,,,,,,1.01,2.71,,,,1.47,,,,,,,,,,,,,,,,,,,,,,,,,,,,,,,,,,,,,,,,,,,,,,,,,,2.53,2.63,,,,,,,,,,,,,,,,,,,2.33,,
G06008701105021,,,,,,,,,,,,,,,,,2.58,0.96,,,,,,,,,,,,,1.97,,,,,,,,,,,1.54,2.14,,,,,,,0.67,,,,,,,,,1.37,2.17,,,,,,,,,,,,,,,,,,,,,,,,,,,,,,,,,0.92,,,,,,,,,,,,,,,,,,,,,2.14,,,,,,,,,,,,,,,,,,,,,,
G06008701105022,,,,,,,,,,,,,,,,,,0.73,,,,,,,,,,,,,,,,,,,,,,,,1.32,1.88,,,,,,,0.44,,,,,,,,,1.14,1.9,,,,2.03,,,,,,,,,,,,,,,,,,,,,,,,,,,,,1.25,,,,,,,,,,,,,,,,,,,,,1.88,,,,,,,,,,,,,,,,,,,,2.14,,
G06008701105023,,,,,,,,,,,,,,,,,1.86,1.32,,,,,,,,,,,,,,,,,,,,,,,,1.9,1.42,,,,,,,1.03,,,,,,,,,0.58,1.44,,,,,,,,,,,,,,,,,,,,,,,,,,,,,,,,,1.71,,,,,,,,,,,,,,,,,,,,,1.41,,,,,,,,,,,,,,,,,,,,1.63,,
G06008701106001,,,,,,,,,,,,,,,,,,0.73,,,,,,,,,,,,,,,,,,,,,,,,0.37,2.53,,,,,,,1.31,,,,,,,,,1.72,,,,,1.77,,,,,,,,,,,,,,,,,,,,,,,,,,,,,2.2,,,,,,,,,,,,,,,,,,,,,2.93,2.93,,,,,,,,,,,,,,,,,,,2.73,,
G06008701106002,,,,,,,,,,,,,,,,,,0.82,,,,,,,,,,,,,,,,,,,,,,,,0.1,2.06,,,,,,,1.3,,,,,,,,,1.35,,,,,1.31,,,,,,,,,,,,,,,,,,,,,,,,,,,,,2.11,,,,,,,,,,,,,,,,,,,,,2.47,2.47,,,,,,,,,,,,,,,,,,,2.27,,
G06008701106003,,,,,,,,,,,,,,,,,,0.07,,,,,,,,,,,,,2.45,,,,,,,,,,,0.83,2.18,,,,,,,0.52,,,,,,,,,1.06,2.38,,,,1.95,,,,,,,,,,,,,,,,,,,,,,,,,,,,,1.4,,,,,,,,,,,,,,,,,,,,,2.35,,,,,,,,,,,,,,,,,,,,,,
G06008701106004,,,,,,,,,,,,,,,,,,0.57,,,,,,,,,,,,,2.35,,,,,,,,,,,1.34,2.35,,,,,,,0.67,,,,,,,,,1.57,2.38,,,,2.45,,,,,,,,,,,,,,,,,,,,,,,,,,,,,1.29,,,,,,,,,,,,,,,,,,,,,2.35,,,,,,,,,,,,,,,,,,,,,,
G06008701106005,,,,,,,,,,,,,,,,,,0.42,,,,,,,,,,,,,,,,,,,,,,,,0.51,2.2,,,,,,,1.0,,,,,,,,,1.09,2.66,,,,1.7,,,,,,,,,,,,,,,,,,,,,,,,,,,,,1.84,,,,,,,,,,,,,,,,,,,,,2.61,,,,,,,,,,,,,,,,,,,,2.41,,
G06008701107001,,,,,,,,,,,,,,,,,,1.16,,,,,,,,,,,,,2.94,,,,,,,,,,,1.93,2.95,,,,,,,1.26,,,,,,,,,2.16,2.97,,,,3.05,,,,,,,,,,,,,,,,,,,,,,,,,,,,,1.89,,,,,,,,,,,,,,,,,,,,,2.94,,,,,,,,,,,,,,,,,,,,,,
G06008701107002,,,,,,,,,,,,,,,,,,1.91,,,,,,,,,,,,,3.69,,,,,,,,,,,2.27,3.69,,,,,,,2.01,,,,,,,,,2.91,,,,,3.03,,,,,,,,,,,,,,,,,,,,,,,,,,,,,2.64,,,,,,,,,,,,,,,,,,,,,3.69,,,,,,,,,,,,,,,,,,,,3.95,,
G06008701107003,,,,,,,,,,,,,,,,,,1.3,,,,,,,,,,,,,3.08,,,,,,,,,,,2.07,3.08,,,,,,,1.4,,,,,,,,,2.29,,,,,3.18,,,,,,,,,,,,,,,,,,,,,,,,,,,,,2.02,,,,,,,,,,,,,,,,,,,,,3.08,,,,,,,,,,,,,,,,,,,,3.34,,
G06008701202001,,,,,,,,,,,,,,,,,,,,,,23.52,,,,,23.63,,,,,,,,,,,,,,,,,,,,,,,,23.52,,,,,,,,,,,,,,,,,,,,,,,,,,,,,,,,,,,,12.46,,,,,,,,,,,,,6.16,,,,,,,,,,,23.38,,,,,,24.19,5.9,,,,,,,18.72,,,,12.63,,,,,,,
G06008701202002,,,,,,,,,,,,,,,,,,,,,,,,,,,,,,,,,,,,,,,,,,,,,,,,,,,,,,,,,,,,,,,,,,,,,,,8.8,,,8.66,,,,,,,,,,,11.86,,3.79,,10.89,,,,,,,,,,,,,,,,,,,,,,,9.83,9.83,,,,,,,,,,,,10.05,,,8.54,3.96,,,,,,,
G06008701203011,,,,,,,,,,,,,,,,,,,,,,,,,,,,,,,,,,,,,,,,,,,,,,,,,,,4.82,,,,,,,,,,,,,,,,,,,,,,,5.09,,,,,,,,,,,3.15,,9.18,,2.73,,,,,,,,,,,,,,,,,,,,,,4.68,4.12,4.12,,,,,,,,,,,,2.92,,,,9.0,,,,,,,
G06008701203012,,5.2,,,,,,,,,,,,,,,,,,,,,,,,,,,,,,,,,,,,,,,,,,,,,,,,,,,,,,,,,,,,,,,,,,,,,1.59,,,1.4,,,,,,,,,,,4.61,,4.94,,3.65,,,,,,,,,,,,,,,,,,,,,,,2.58,2.58,,,,,,,,,,,,,,,1.1,5.11,,,,,,,
G06008701203013,,,,,,,,,,,,,,,,,,,,,,2.8,,,,,3.17,,,,,,,,,,,,,,,,,,,,,,,,3.07,,,,,,,,,,,,,,,,,,,,,,,,,,,,,,,,,,7.71,,,,7.29,,,,,,,,,,,,,,,,,,,,,,3.21,8.69,8.69,,,,3.29,,,,,,,,7.6,,,,,,,,,,,
G06008701203021,,5.91,,,,,,,,,,,,,,,,,,,,,,,,,,,,,,,,,,,,,,,,,,,,,,,,,,,,,,,,,,,,,,,,,5.41,,,,2.31,,,2.22,,,,,,,,,,,1.58,,,,0.92,,,,,,,,,,,,,,,,,,,,,,,1.25,1.25,,,,,,,,,,,,3.38,,,2.11,,,,,,,,
G06008701203022,,,,,,,,,,,,,,,,,,,,,,,,,,,3.94,,,,,,,,,,,,,,,,,,,,,,,,3.83,,,,,,,,,,,,,,,,,,,,,,,3.47,,,,,,,,,,,1.45,,,,1.1,,,,,,,,,,,,,,,,,,,,,,3.69,2.49,2.49,,,,,,,,,,,,2.1,,,3.35,,,,,,,,
G06008701203023,,,,,,,,,,,,,,,,,,,,,,,,,,,,,,,,,,,,,,,,,,,,,,,,,,,,,,,,,,,,,,,,,,,,,,,3.63,,,3.54,,,,,,,,,,,3.03,,,,1.69,,,,,,,,,,,,,,,,,,,,,,5.43,2.57,2.57,,,,,,,,,,,,3.84,,,3.43,9.64,,,,,,,
G06008701204001,,,,,,,,,,,,,,,,,,,,,,1.46,,,,,1.84,,,,,4.59,,,,,,,,,,,,,,,,,,,1.73,,,,,,,,,,,,,,,,,,,,,,,,,,,,,,,,,,6.38,,,,5.96,,,,,,,,,,,,,,,,,,,,,,1.88,,,,,,1.35,,,,,,,,6.26,,,,,,,,,,4.59,
G06008701204002,,,,,,,,,,,,,,,,,,,,,,1.87,,,,,2.24,,,,,7.15,,,,,,,,,,,,,,,,,,,2.14,,,,,,,,,,,,,,,,,,,,,,,,,,,,,,,,,,6.78,,,,6.37,,,,,,,,,,,,,,,,,,,,,,2.28,,,,,,2.36,,,,,,,,6.67,,,,,,,,,,7.15,
G06008701204003,,,,,,,,,,,,,,,,,,,,,,1.47,,,,,1.1,,,,,,,,,,,,,,,,,,,,,,,,1.2,,,,,,,,,,,,,,,,,,,,,,,,,,,,,,,,,,6.09,,12.24,,5.67,,,,,,,,,,,,,,,,,,,,,,1.34,,,,,,2.14,,,,,,,,5.98,,,,12.07,,,,,,,
G06008701204004,,,,,,,,,,,,,,,,,,,,,,0.67,,,,,0.87,,,,,,,,,,,,,,,,,,,,,,,,0.77,,,,,,,,,,,,,,,,,,,,,,,,,,,,,,,,,,4.62,,,,4.2,,,,,,,,,,,,,,,,,,,,,,0.73,,5.6,,,,1.34,,,,,,,,4.51,,,,10.59,,,,,,,
G06008701205001,,,,,,,,,,,,,,,,,,,,,,16.57,,,,,16.95,,,,,17.65,,,,,,,,,,,,,,,,,,,16.84,,,,,,,,,,,,,,,,,,,,,,,,,,,,,,,,,,19.95,,,,,,,,,,,,,,,,,,,,,,,,,,16.98,,,,,,16.46,,,,,,,,21.37,,7.52,,,,,,,,17.65,
G06008701205002,,12.76,,5.34,,,,,,,,,,,,,,,,,,,9.69,,,,,,,,,,8.22,,,,,,,,,,,,8.55,,,,,,,,,,,,,,,,,4.58,4.58,,,,,,,4.58,,,,,,,,,,,,,,,,,,,,9.51,,,,,,7.36,,,,,,,,,,,,,,,,,,,,,,,,,,,,,,,,,,,,,,,,
G06008701205003,,,,,,,,,,,,,,,,,,,,,,7.59,,,,,7.96,,,,,8.67,,,,,,,,,,,,,,,,,,,7.86,,,,,,,,,,,,,,,,,,,,,,,,,,,,,,,,,,,,,,,,,,,,,,,,,,,,,,,,,,,,8.0,,,,,,7.48,,,,,,,,12.39,,12.37,,18.47,,,,,,8.67,
G06008701205004,,,,,,,,,,,,,,,,,,,,,,5.0,,,,,5.38,,,,,6.09,,,,,,,,,,,,,,,,,,,5.27,,,,,,,,,,,,,,,,,,,,,,,,,,,,,,,,,,9.92,,,,,,,,,,,,,,,,,,,,,,,,,,5.42,,,,,,4.9,,,,,,,,9.8,,13.45,,,,,,,,6.09,
G06008701205005,,,,,,,,,,,,,,,,,,,,,,4.02,,,,,4.39,,,,,5.99,,,,,,,,,,,,,,,,,,,4.29,,,,,,,,,,,,,,,,,,,,,,,,,,,,,,,,,,8.93,,,,8.51,,,,,,,,,,,,,,,,,,,,,,4.43,,,,,,3.91,,,,,,,,8.82,,,,,,,,,,5.99,
G06008701206001,,9.0,,,,,,,,,,,,,,,,,,,,,9.67,,,,,,,,,,10.65,,,,,,,,,,,,10.51,,,,,,,,,,,,,,,,,,,,,,,,,,,,,,,,,,,,,,,,5.82,,,,6.45,10.37,,,,,,,,,,,,,,,,,,,,,,6.75,6.75,,,,,,,,,,,,8.21,,,,,,,,,,,
G06008701206002,,8.56,,,,,,,,,,,,,,,,,,,,,9.22,,,,,,,,,,10.2,,,8.01,,,,,,,,,10.07,,,,,,,,,,,,,,,,,,,,,,8.01,,,,,,,,,,,,,,,,,,5.37,,,,6.0,9.92,,,,,,,,,,,,,,,,,,,,,,,6.31,,,,,,,,,,,,,,,,,,,,,,,
G06008701206003,,9.87,,,,,,,,,,,,,,,,,,,,10.81,,,,,,,,,,,,,,,,,,,,,,,,,,,,,10.81,,,,,,,,,,,,,,,,,,,,,,,6.54,,,,,,,,,,,6.68,,,,7.31,,,,,,,,,,,,,,,,,,,,,,10.67,7.62,7.62,,,,,,,,,,,,9.08,,,,,,,,,,,
G06008701206004,,7.07,,,,,,,,,,,,,,,,,,,,,,,,,,,,,,,,,,,,,,,,,,,,,,,,,,,,,,,,,,,,,,,,,6.57,,,,3.46,,,3.38,,,,,,,,,,,1.45,,,,2.08,,,,,,,,,,,,,,,,,,,,,,,2.41,2.41,,,,,,,,,,,,3.84,,,3.26,,,,,,,,
G06008701206005,,7.45,,,,,,,,,,,,,,,,,,,,,,,,,,,,,,,,,,7.13,,,,,,,,,,,,,,,,,,,,,,,,,,,,,,,6.95,,,,3.84,,,3.76,,,,,,,,,,,2.35,,,,2.45,,,,,,,,,,,,,,,,,,,,,,,2.78,2.78,,,,,,,,,,,,,,,3.64,,,,,,,,
G06008701207001,,4.95,,,,,,,,,,,,,,,,,,,,,5.22,,,,,,,,,,,,,4.01,,,,,,,,,,,,,,,,,,,,,,,,,,,,,,,4.01,,,,1.05,,,1.66,,,,,,,,,,3.79,,,,,,,,,,,,,,,,,,,,,,,,,,,,2.73,2.73,,,,,,,,,,,,,,,1.54,,,,,,,,
G06008701207002,,5.39,,,,,,,,,,,,,,,,,,,,,,,,,,,,,,,,,,5.07,,,,,,,,,,,,,,,,,,,,,,,,,,,,,,,4.88,,,,1.78,,,1.64,,,,,,,,,,5.21,,,,,3.87,,,,,,,,,,,,,,,,,,,,,,,2.81,2.81,,,,,,,,,,,,,,,1.53,,,,,,,,
G06008701207003,,,,,,,,,,,,,,,,,,,,,,,,,,,,,,,,,,,,2.77,,5.37,,,3.67,,,,,5.48,5.45,,,,,,,,,,4.79,4.49,,,,,,,,,2.77,,,,2.91,,,,,,,,,,,,,0.53,,,,,,,,,,,,,,,,,,,,,,,,,,,,,,,,,,,,,,,,,,,,,,,,,,,,
G06008701208001,,2.23,,,,,,,,,,,,,,,,,,,,,2.69,,,,,,,,,,3.66,,,1.47,,,,,,,,,3.53,,,,,,,,,,,,,,,,,,,,,,1.29,,,,2.54,,,3.15,,,,,,,,,,2.18,,,,,,,,,,,,,,,,,,,,,,,,,,,,,,,,,,,,,,,,,,,,3.03,,,,,,,,
G06008701208002,,4.24,,,,,,,,,,,,,,,,,,,,,3.4,,,,,,,,,,,,,2.19,,,,,4.29,,,,,,,,,,,,,,,,,,,,,,,,,,2.54,,,,4.93,,,5.35,,,,,6.3,,,,,1.51,,,,,,,,,,,,,,,,,,,,,,,,,,,,,,,,,,,,,,,,,,,,5.24,,,,,,,,
G06008701208003,,,2.56,,,,,2.46,,2.46,,,,,,,,,,,,,,,,,,,,,,,,,,,,,,,2.36,,,,,,,,,,,2.54,,1.89,,,,,,,,,,,,,,,,,,,,,,,,,,,,,,1.57,,,,,,,,2.76,,,2.65,,,,,,,,,,,,,,,,,,,,,,,,,,,,,,,,,,,,2.5,,,,,
G06008701209001,,5.71,,,,,,,,,,,,,,,,,,,,,2.25,,,,,,,,,,0.78,,,3.47,,,,,,,,,1.1,,,,,,,,,,,,,,,,,9.35,,,,,3.99,,,,,,,,,,,,4.36,,,,,,,,,,,2.07,,,,,,9.89,,,,,,,,,,,,,,,,,,,,,,,,,,,,,,,,,,,,,,,,
G06008701209002,,0.9,,,,,,,,,,,,,,,,,,,,,4.46,,,,,,,,,,5.44,,,3.25,,,,,,,,,5.31,,,,,,,,,,,,,,,,,,,,,,3.07,,,,4.44,,,4.68,,,,,,,,,,,7.79,,,,,5.16,,,,,,,,,,,,,,,,,,,,,,,,,,,,,,,,,,,,,,,,,,,,,,
G06008701209003,,4.33,,,,,,,,,,,,,,,,,,,,,0.78,,,,,,,,,,0.96,,,2.09,,,,,,,,,0.82,,,,,,,,,,,,,,,,,,,,,,2.61,,,,5.2,,,,,,,,3.18,,,,,4.49,,,,,,0.88,,,,,,,,,,,,,,,,,,,,,,,,,,,,,,,,,,,,,,,,,,,,,,
G06008701209004,,2.21,,,,,,,,,,,,,,,,,,,,,2.68,,,,,,,,,,3.66,,,1.47,,,,,,,,,3.53,,,,,,,,,,,,,,,,,,,,,,1.29,,,,3.08,,,,,,,,,,,,,2.93,,,,,,3.38,,,,,,,,,,,,,,,,,,,,,,,,,,,,,,,,,,,,,,3.21,,,,,,,,
G06008701210001,,13.53,,3.74,,,,,,,,,,,,,,,,,,,10.07,,,,,,,,,,9.73,,,,,,,,,,,,10.04,,,,,,,,,,,,,,,,,3.6,3.6,,,,,,,3.6,,,,,,,,,,,,,,,,,,,,9.89,,,,,,2.82,,,,,,,,,,,,,,,,,,,,,,,,,,,,,,,,,,,,,,,,
G06008701210002,,,,3.75,,,,,,,,,,,,,,,,,,,,,,,,,,,,,14.11,,,,,,,,,,,,14.42,,,,,,,,,,,,,,,,,4.5,4.5,,,,,,,4.5,,,,,,,,,,,,,,,,,,18.06,,14.28,,,,,,4.69,,,,,16.69,,,,,,,,,,,,,,,,,,,,,,,,,,,,,,,,,,,
G06008701210003,,,,3.95,,,,,,,,,,,,,,,,,,,,,,,,,,,,,14.31,,,,,,,,,,,,14.62,,,,,,,,,,,,,,,,,4.7,4.7,,,,,,,4.7,,,,,,,,,16.77,,,,,,,,,,,14.47,,,,,,4.89,,,,,16.89,,,,,,,,,,,,,,,,,,,,,,,,,,,,,,,,,,,
G06008701211001,,13.39,,,,,,,,,,,,,,,,,,,,,9.93,,,,,,,,,,10.03,,,11.15,,,,,,,,,9.9,,,,,,,,,,,,,,,,,,,,,,11.67,,,,,,,,,,,,6.77,,,,,,,,,,,9.75,,,,,,12.66,,,,,11.81,,,,,,,,,,,,,,,,,,,,,,,,,,,,,,,,,,,
G06008701211002,,,,,,,,,,,,,,,,3.58,,,,,,,,,,,,4.92,4.57,,,,,,,,,,,,,,,,,,,,,,,,,,,,,,,,,,,,,,,,,,,,,,,4.49,,3.43,7.51,,,,,,,,,,,,,,,,,,,,,,5.53,,,,,,,,,,,,,,,,,,,,3.43,3.28,,3.15,,,,,,,,,,,,
G06008701212001,,5.08,,,,,,,,,,,,,,,,,,,,,1.62,,,,,,,,,,1.82,,,2.84,,,,,,,,,1.68,,,,,,,,,,,,,,,,,,,,,,3.36,,,,,,,,,8.9,,,2.16,,,,,5.17,,,,,,1.53,,,,,,,,,,,,,,,,,,,,,,,,,,,,,,,,,,,,,,,,,,,,,,
G06008701212002,,4.72,,,,,,,,,,,,,,,,,,,,,1.26,,,,,,,,,,1.45,,,2.48,,,,,,,,,1.32,,,,,,,,,,,,,,,,,,,,,,3.0,,,,,,,,,8.87,,,2.13,,,,,4.81,,,,,,1.17,,,,,,,,,,,,,,,,,,,,,,,,,,,,,,,,,,,,,,,,,,,,,,
G06008701212003,,6.4,,,,,,,3.98,,,,,,4.39,,,,,,,,5.56,,,,,,,,,,,,,4.35,,,,,,,,,,,,,,,,,,,,,,,,,,,,,,,4.71,,3.69,,,,,,,6.63,,,4.55,,,,,5.73,,,,,,,,,,,,,,,,,,,,,,,,,,,,,,,,,,,,,,,,,,,,,,,,,,,,
G06008701212004,,,,,,,,,5.11,,,,,,5.52,7.9,,,,,,,5.79,,,,,,,,,,,,,7.01,,,,,,,,,,,,,,,,,,,,,,,,,,,,,,,,,,,,,,,,7.75,,7.76,2.4,,,,,,,,,,,,,,,,,,,,,,9.86,,,,,,,,,,,,,,,,,,,,7.76,,,,,,,,,,,,,,,
G06008701212005,,,1.47,,,,,1.04,1.72,1.33,,,,,,,,,,,,,,,,,,,,,,,,,,,,,,,,,,,,,,,,,,1.38,1.65,1.44,1.54,,,,,,,,,,,,,,1.43,,,,,,,,,,,,,,,,,,,,,,,,,,1.23,,,,,,,,,,,,,,,,,,,,,,,,,,,,,,,,,,,,,,,,,
G06008701213001,,,,,,,,,2.69,,2.48,2.48,,,2.48,,,,,,,,,,,,,,,,,,,,,,,,,,,,,,,,,,,,,,,,,,,,,,1.81,,,,,,,,,,,,,,,0.61,,2.34,,,1.12,,,,,,,,,,,,,,,,,,,,,,,,,,,,,,,,,,,,,,,1.81,2.34,,,,,,,,,,,,,,,
G06008701213002,,,,,,,,,2.94,,2.73,2.73,,,2.73,2.75,,,,,,,,,,,,,,,,,,,,,,,,,,,,,,,,,,,,,,,,,,,,,,,,,,,,,,,,,,,,0.33,,2.6,,,1.38,,,,,,,,,,,,,,,,,,,,,,,,,,,,,,,,,,,,,,,,2.6,2.44,,,,,,,,,,,,,,
G06008701213003,,,,,,,,,2.03,,1.82,1.82,,,1.82,,,,,,,,,,,,,,,,,,,,,,,,,,,,,,,,,,,,,,,,,,,,,,1.15,,,,,,,,,,,,,,,1.19,,1.69,,,0.47,,,,,,,,,,,,,,,,,,,,,,,,,,,,,,,,,,,,,,,1.15,1.69,,,,,,,,,,,,,,,
G06008701213004,,,,,,,,,,,1.63,1.63,,,1.63,,,,,,,,,,1.27,,,,,,,,,,,,,,,,,,,,,,,,,,,,,,,,,,,,0.96,,,,,,,,,,,,,,,,,,,1.64,0.16,1.07,,,,,,,,,,,,,,,,,,,,,,,,,,,,,,,,,,,,,,0.96,1.38,,,,,,,,,,,,,,,
G06008701214011,,,,,,,,,1.34,,0.99,0.99,,,0.99,,,,,,,,,,0.63,,,,,,,,,,,,,,,,,,,,,,,,,,,,,,,,,,,,0.32,,,,,,,,1.34,,,,,,,,,,,,0.8,0.43,,,,,,,,,,,,,,,,,,,,,,,,,,,,,,,,,,,,,,0.32,,,,,,,,,,,,,,,,
G06008701214012,,,,,,,,,,,1.02,1.02,,,1.02,,,,,,,,,,0.27,,,,,,,,,,,,,,,,,,,,,,,,,,,,,,,,,,,,0.35,,,,,,,,1.54,,,,,,,,,,,0.63,1.17,0.46,,,,,,,,,,,,,,,,,,,,,,,,,,,,,,,,,,,,,,0.35,,,,,,,,,,,,,,,,
G06008701214021,,,,,,,,,,,1.69,1.69,,,,,,,,,,,,,0.94,,,,,,,,,,,,,,,,,,,,,,,,,,,,,,,,,,,,1.02,,,,,,,,,,,,1.12,,,,,,,0.53,1.58,1.13,1.12,,,,,,,,,,,,,,,,,,,,,,,,,,,,,,,,,,,,,1.02,,,,,,,,,,,,,,,,
G06008701214022,,,,,,,,,,,1.86,1.86,,,,,,,,,,,,,0.77,,,,,,,,,,,,,,,,,,,,,,,,,,,,,,,,,,,,1.19,,,,,,,,,,,0.67,0.66,,,,,,,0.34,2.07,1.29,0.66,,,,,,,,,,,,,,,,,,,,,,,,,,,,,,,,,,,,,1.19,,,,,,,,,,,,,,,,
G06008701214023,,,,,,,,,,,1.55,1.55,,,1.55,,,,,,,,,,1.06,1.68,,,,,,,,,,,,,,,,,,,,,,,,,,,,,,,,,,,0.88,,,,,,,,,,,,,,,,,,,0.84,1.28,0.98,,,,,,,,,,,,,,,,,,,,,,,,,,,,,,,,,,,,,,0.88,,,,,,,,,,,,,,,,
G06008701214031,,,,,,,,,,,1.3,1.3,,1.6,,,,,,,,,,,0.33,,,,,,,,,,,,,,,,,,,,,,,,,,,,,,,,,,,,0.63,,,,,,,,,,,1.2,1.19,,,,,,,0.76,,0.73,1.19,,,,,,,,,,,,,,,,,,,,,,,,,,,,,,,,,,,,,0.63,,,,,,,,,,,,,,,,
G06008701214032,,,,,,,,,,,1.47,1.47,,,,,,,,,,,,,0.39,,,,,,,,,,,,,,,,,,,,,,,,,,,,,,,,,,,,0.8,,,,,,,,,,,0.79,0.78,,,,,,,0.39,,0.91,0.78,,,,,,,,,,,,,,,,,,,,,,,,,,,,,,,,,,,,,0.8,,,,,,,,,,,,,,,,
G06008701214033,,,,,,,,,,,1.36,1.36,,1.65,,,,,,,,,,,0.39,,,,,,,,,,,,,,,,,,,,,,,,,,,,,,1.42,,,,,,0.69,,,,,,,,,,,,,,,,,,,0.82,,0.79,1.25,,,,,,,,,,,,,,,,,,,,,,,,,,,,,,,,,,,,,0.69,,,,,,,,,,,,,,,,1.75
G06008701215001,,,,,,,,,,,,,,1.97,,,,,,,,,,,1.63,,,,,,,,,,,,,,,,,,,,,,,,2.07,,,,,,2.35,,,,,,,,,,,,,,,,,0.68,1.14,,,,,,,1.4,,2.03,1.14,,,,,,,,,,,,,,,,,,,,,,,,,,,,,,,,,,,,,,,,,,,,,,,,,,,,,2.01
G06008701215002,,,,,,,,,,,2.18,2.18,,,,,,,,,,,,,1.09,,,,,,,,,,,,,,,,,,,,,,,,,,,,,,,,,,,,1.51,,,,,,,,,,,0.06,0.4,,,,,,,0.66,2.41,1.61,0.4,,,,,,,,,,,,,,,,,,,,,,,,,,,,,,,,,,,,,1.51,,,,,,,,,,,,,,,,
G06008701215003,,,,,,,,,,,,,,2.4,,,,,,,,,,,1.62,,,,,,,,,,,,,,,,,,,,,,,,,,,,,,2.77,,,,,,,,,,,,,,,,,0.47,0.93,,,,,,,1.19,,2.14,0.93,,,,,,,,,,,,,,,,,,,,,,,,,,,,,,,,,,,,,2.04,,,,,,,,,,,,,,,,2.45
G06008701215004,,,,,,,,,,,,,,1.13,,,,,,,,,,,1.08,,,,,,,,,,,,,,,,,,,,,,,,1.23,,,,,,1.51,,,,,,,,,,,,,,,,,1.46,1.45,,,,,,,1.45,,1.48,1.45,,,,,,,,,,,,,,,,,,,,,,,,,,,,,,,,,,,,,,,,,,,,,,,,,,,,,1.18
G06008701215005,,,,,,,,,,,,,,,,,,,,,,,,,1.33,2.7,,,,,,,,,,,,,,,,,,,,,,,,,,,,,,,,,,,1.74,,,,,,,,,,,0.29,0.63,,,,,,,0.89,2.65,1.84,0.63,,,,,,,,,,,,,,,,,,,,,,,,,,,,,,,,,,,,,1.74,,,,,,,,,,,,,,,,
G06008701216001,,,,,,,,,,,,,,,,,,,,,,,,,1.63,1.96,,,,,,,,,,,,,,,,,,,,,,,,,,,,,,,,,,,,,,,,,,,,,,1.24,1.26,,,,,,,1.2,2.54,2.15,1.26,,,,,,,,,,,,,,,,,,,,,,,,,,,,,,,,,,,,,2.05,,2.43,,,,,,,,,,,,,,
G06008701216002,,,,,,,,,,,,,,,,,,,,,,,,,1.9,2.59,,,,,,,,,,,,,,,,,,,,,,,,,,,,,,,,,,,2.31,,,,,,,,,,,0.75,1.21,,,,,,,1.47,3.22,2.42,1.21,,,,,,,,,,,,,,,,,,,,,,,,,,,,,,,,,,,,,2.31,,,,,,,,,,,,,,,,
G06008701216003,,,,,,,,,,,,,,,,,,,,,,,,,2.14,1.89,,,,,,,,,,,,,,,,,,,,,,,,,,,,,,2.13,,,,,,,,,,,,,,,,1.33,1.7,,,,,,,1.7,2.61,2.65,1.7,,,,,,,,,,,,,,,,,,,,,,,,,,,,,,,,,,,,,,,2.51,,,,,,,,,,,,,,
G06008701216004,,,,,,,,,,,,,,,,,,,,,,,,,2.14,2.35,,,,,,,,,,,,,,,,,,,,,,,,,,,,,,,,,,,2.56,,,,,,,,,,,1.08,1.47,,,,,,,1.71,3.04,2.66,1.47,,,,,,,,,,,,,,,,,,,,,,,,,,,,,,,,,,,,,2.56,,,,,,,,,,,,,,,,
G06008701216005,,,,,,,,,,,,,,,,,,,,,,,,,1.83,2.11,,,,,,,,,,,,,,,,,,,,,,,,,,,,,,2.34,,,,,,,,,,,,,,,,1.42,1.46,,,,,,,1.4,2.73,,1.46,,,,,,,,,,,,,,,,,,,,,,,,,,,,,,,,,,,,,,,2.63,,2.53,,,,,,,,,,,,
G06008701217001,,,,,,,,,,,,,,,,1.59,,,,,,,,,,0.69,,,,,,,,,,,,,,,,,,,,,,,,,,,,,,1.38,,,,,,,,,,,,,,,,,2.15,,,,,1.46,,1.61,1.4,,,,,,,,,,,,,,,,,,,,,,,,,,,,,,,,,,,,,,,,1.46,1.29,,1.19,,,,,,,,,,,,
G06008701217002,,,,,,,,,,,,,,,,,,,,,,,,,2.1,1.03,,,,,,,,,,,,,,,,,,,,,,,,,,,,,,1.41,,,,,,,,,,,,,,,,,2.22,,,,,1.49,,1.67,1.43,,,,,,,,,,,,,,,,,,,,,,,,,,,,,,,,,,,,,,,,1.49,1.32,,1.22,,,,,,,,,,,,
G06008701217003,,,,,,,,,,,,,,,,,,,,,,,,,1.21,1.68,,,,,,,,,,,,,,,,,,,,,,,,,,,,,,,,,,,,,,,,,,,,,,,1.4,,,,,,,0.81,1.83,1.41,1.4,,,,,,,,,,,,,,,,,,,,,,,,,,,,,,,,,,,,,1.3,,1.77,,1.67,,,,,,,,,,,,
G06008701217004,,,,,,,,,,,,,,,,,,,,,,,,,,0.78,,,,,,,,,,,,,,,,,,,,,,,,,,,,,,1.37,,,,,,,,,,,,,,,,1.83,1.82,,,,,1.59,,1.28,1.69,,,,,,,,,,,,,,,,,,,,,,,,,,,,,,,,,,,,,,,,1.59,1.42,,1.37,,,,,,,,,,,,
G06008701217005,,,,,,,,,,,,,,,,,,,,,,,,,1.19,1.35,,,,,,,,,,,,,,,,,,,,,,,,,,,,,,1.9,,,,,,,,,,,,,,,,1.25,1.24,,,,,,,0.76,1.92,,1.24,,,,,,,,,,,,,,,,,,,,,,,,,,,,,,,,,,,,,,,1.82,,1.72,,,,,,,,,,,,
G06008701217006,,,,,,,,,,,,,,,,,,,,,,,,,1.44,1.52,,,,,,,,,,,,,,,,,,,,,,,,,,,,,,2.07,,,,,,,,,,,,,,,,1.19,1.18,,,,,,,1.01,2.09,,1.18,,,,,,,,,,,,,,,,,,,,,,,,,,,,,,,,,,,,,,,1.99,,1.89,,,,,,,,,,,,
G06008701218001,,,,,,,,,,,,,,,,1.72,,,,,,,,,,1.6,,1.34,1.27,,,,,,,,,,,,,,,,,,,,,,,,,,,0.87,,,,,,,,,,,,,,,,,,,,,1.27,1.62,,,,,,,,,,,,,,,,,,,,,,,,,,,,,,,,,,,,,,,,,,,1.62,1.45,,1.43,,,,,,,,,,,,
G06008701218002,,,,,,,,,,,,,,,,2.15,,,,,,,,,,2.03,,1.5,1.43,,,,,,,,,,,,,,,,,,,,,,,,,,,1.29,,,,,,,,,,,,,,,,,,,,,1.43,2.05,,,,,,,,,,,,,,,,,,,,,,,,,,,,,,,,,,,,,,,,,,,2.05,1.88,,1.86,,,,,,,,,,,,
G06008701218003,,,,,,,,,,,,,,,,1.0,,,,,,,,,,1.09,,,1.68,,,,,,,,,,,,,,,,,,,,,,,,,,,0.52,,,,,,,,,,,,,,,,,,,,,2.08,0.88,,,1.61,,,,,,,,,,,,,,,,,,,,,,,,,,,,,,,,,,,,,,,,0.88,0.71,,0.69,,,,,,,,,,,,
G06008701218004,,,,,,,,,,,,,,,,1.48,,,,,,,,,,1.18,,1.96,1.89,,,,,,,,,,,,,,,,,,,,,,,,,,,0.63,,,,,,,,,,,,,,,,,,,,,1.89,1.38,,,,,,,,,,,,,,,,,,,,,,,,,,,,,,,,,,,,,,,,,,,1.38,1.21,,1.19,,,,,,,,,,,,
G06008701220011,,,,,,,,,,,,,,,,3.51,,,,,,,,,,,,5.28,4.92,,,,,,,,,,,,,,,,,,,,,,,,,,,,,,,,,,,,,,,5.46,,,,,,,,6.54,5.32,,10.09,,,,,,,,,,,,,,,,,,,,,,3.71,,,,,,,,,,,,,,,,,,,,4.09,,5.3,,,,,,,,,,,,,
G06008701220012,,,,,,,,,,,,,,,,1.21,,,,,,,,,,,,1.52,1.16,,,,,,,,,,,,,,,,,,,,,,,,,,,1.35,,,,,,,,,,,,,,,,,,,,,1.56,1.36,,,,,,,,,,,,,,,,,,,,,,,,,,,,,,,,,,,,,,,,,,,1.36,1.34,1.54,1.21,,,,,,,,,,,,
G06008701220013,,,,,,,,,,,,,,,,3.73,,,,,,,,,,,,2.37,2.76,,,,,,3.29,,,,,,,,,,,,,,,,,,,,,,,,,,,,,,,,,2.16,,,,,,,3.29,,2.47,,,,,,,,,,,,,,,,,,,,,,,,5.69,,,,,,,,,3.27,,,,,,,,,,,,,2.14,,,,,,,,,,,,,
G06008701220014,,,,,,,,,,,,,,,,1.37,,,,,,,,,,,,1.31,0.95,,,,,,,,,,,,,,,,,,,,,,,,,,,,,,,,,,,,,,,1.49,,,,,,,,,1.35,1.52,,,,,,,,,,,,,,,,,,,,,,,3.32,,,,,,,,,,,,,,,,,,,,1.52,,1.32,1.38,,,,,,,,,,,,
G06008701220015,,,,,,,,,,,,,,,,1.05,,,,,,,,,,,,2.81,2.45,,,,,,,,,,,,,,,,,,,,,,,,,,,,,,,,,,,,,,,2.99,,,,,,,,,2.85,1.62,,,,,,,,,,,,,,,,,,,,,,,1.25,,,,,,,,,,,,,,,,,,,,1.62,,2.83,1.48,,,,,,,,,,,,
G06008701220021,,,,,,,,,,,,,,,,,,,,,,,,,,,,,,,,,,,7.08,,,,,,,,,,,,,,,,,,,,,,,,,,,,,,,,,8.45,,,,,,,7.08,,,,,,,,,,,5.93,,9.78,,,,,,,,,,,,,11.84,,,,,,,,,7.06,,,,,,7.3,,,7.75,,,,,,,,,,,10.24,,,,,,
G06008701220022,,,,,,,,,,,,,,,,,,,,,,,,,,,,,,3.0,,,,,3.11,,,,,,,,,,,,,,,,,,,,,,,,,,,,,,,,,4.47,,,,,,,3.11,,,,,,,,,,,1.96,,,,,,,,,,,,,,,,,,,,,,,,3.08,,,,,,3.33,,,3.91,,,,4.21,,,,,,,,,5.9,,,,
G06008701220031,,,,,,,,,,,,,,,,,,,,,,,,,,,,1.53,,1.49,,,,,1.18,,,,,,,,,,,,,,,,,,,,,,,,,,,,,,,,,1.45,,,,,,,1.18,,1.63,,,,,,,,,2.23,,,,,,,,,,,,,,,,,,,,,,,,1.16,,,,,,,,,,,,,1.19,,,,,,,,,3.28,,,,
G06008701220032,,,,,,,,,,,,,,,,,,,,,,,,,,,,1.4,,0.97,,,,,0.66,,,,,,,,,,,,,,,,,,,,,,,,,,,,,,,,,1.32,,,,,,,0.66,,1.5,,,,,,,,,1.71,,,,,,,,,,,,,,,,,,,,,,,,0.63,,,,,,,,,,,,,1.06,,,,,,,,,3.16,,,,
G06008701220033,,,,,,,,,,,,,,,,1.19,,,,,,,,,,,,0.57,0.21,,,,,,,,,,,,,,,,,,,,,,,,,,,1.33,,,,,,,,,,,,0.75,,,,,,,,,0.61,1.33,,,,,,,,,,,,,,,,,,,,,,,,,,,,,,,,,,,,,,,,,,,,1.32,0.59,1.19,,,,,,,,,,,,
G06008701220034,,,,,,,,,,,,,,,,0.43,,,,,,,,,,0.67,,,1.42,,,,,,,,,,,,,,,,,,,,,,,,,,,0.94,,,,,,,,,,,,,,,,,,,,,1.81,0.28,,,0.94,,,,,,,,,,,,,,,,,,,,,,,,,,,,,,,,,,,,,,,,0.28,0.13,,0.0,,,,,,,,,,,,
G06008701220035,,,,,,,,,,,,,,,,0.83,,,,,,,,,1.98,0.82,,,,,,,,,,,,,,,,,,,,,,,,,,,,,,1.33,,,,,,,,,,,,,,,,,,,,,,0.68,,2.06,0.55,,,,,,,,,,,,,,,,,,,,,,,,,,,,,,,,,,,,,,,,0.68,0.52,,0.4,,,,,,,,,,,,
G06008701221001,,,,,,,,,,,,,,,,,,,,,,,,,,,,,,0.43,,,,,0.63,,,,,,,,,,,,,,,,,,,,,,,,,,,,,,,,,2.0,,,,,,,0.63,,2.17,,,,,,,,,1.23,,,,,,,,,,,,,,,,,,,,,,,,0.6,,,,,,1.84,,,,,,,1.73,,,,,,,,,3.16,,,,
G06008701221002,,,,,,,,,,,,,,,,,,,,,,,,,,,,2.5,,0.86,,,,,1.06,,,,,,,,,,,,,,,,,,,,,,,,,,,,,,,,,2.43,,,,,,,1.06,,2.52,,,,,,,,,1.59,,,,,,,,,,,,,,,,,,,,,,,,1.04,,,,,,,,,,,,,2.16,,,,,,,,,3.09,,,,
G06008701221003,,,,,,,,,,,,,,,,,,,,,,,,,,,,2.13,,3.45,,,,,3.29,,,,,,,,,,,,,,,,,,,,,,,,,,,,,,,,,2.31,,,,,,,3.29,,2.06,,,,,,,,,4.25,,,,,,,,,,,,,,,,,,,,,,,,3.27,,,,,,,,,,,,,2.15,,,,,,,,,2.76,,,,
G06008701222011,,,,,,,,,,,,,,,,,,,,,,,,,,,,,,1.76,,,,,1.87,,,,,,,,,,,,,,,,,,,,,,,,,,,,,,,,,3.24,,,,,,,1.87,,,,,,,,,,,1.78,,,,,,,,,,,,,,,,,,,,,,,,1.84,,,,,,1.25,,,2.83,,,,2.97,,,,,,,,,4.66,,,,
G06008701222012,,,,,,,,,,,,,,,,,,,,,,,,2.95,,,,,,2.8,,,,,2.91,,,,,,,,,,,,,,,,,,,,,,,,,,,,,,,,,,,,,,,,2.91,,,,,,,,,,,2.81,,,,,,,,2.62,,,,,,,,,,,,,,,,2.88,,,,,,1.98,,,3.25,,,,,,,,,,,,,5.7,,,,
G06008701222013,,,,,,,,,,,,,,,,,,,,,,,,2.56,,,,,,1.57,,,,,1.68,,,,,,,,,,,,,,,,,,,,,,,,,,,,,,,,,,,,,,,,1.68,,3.22,,,,,,,,,1.59,,,,,,,,,,,,,,,,,,,,,,,,1.66,,,,,,1.26,,,2.84,,,,,,,,,,,,,4.48,,,,
G06008701222014,,,,,,,,,,,,,,,,,,,,,,,,3.1,,,,,,4.53,,,,,4.72,,,,,,,,,,,,,,,,,,,,,,,,,,,,,,,,,,,,,,,,4.72,,,,,,,,,,,3.8,,3.07,,,,,,,,,,,,,,,,,,,,,,4.7,,,,,,3.16,,,1.99,,,,,,,,,,,3.53,,,,,,
G06008701222015,,,,,,,,,,,,,,,,,,,,,,,,3.5,,,,,,1.54,,,,,1.66,,,,,,,,,,,,,,,,,,,,,,,,,,,,,,,,,,,,,,,,1.66,,,,,,,,,,,0.51,,,,,,,,,,,,,,,,,,,,,,,,1.63,,,,,,1.88,,,3.57,,,,2.76,,,,,,,,,4.45,,,,
G06008701222016,,,,,,,,,,,,,,,,,,,,,,,,4.34,,,,,,2.38,,,,,2.5,,,,,,,,,,,,,,,,,,,,,,,,,,,,,,,,,3.86,,,,,,,2.5,,,,,,,,,,,1.35,,,,,,,,,,,,,,,,,,,,,,,,2.47,,,,,,2.72,,,3.31,,,,,,,,,,,,,5.29,,,,
G06008701222017,,,,,,,,,,,,,,,,,,,,,,,,,,,,,,1.03,,,,,1.14,,,,,,,,,,,,,,,,,,,,,,,,,,,,,,,,,2.51,,,,,,,1.14,,2.69,,,,,,,,,1.05,,,,,,,,,,,,,,,,,,,,,,,,1.12,,,,,,1.62,,,,,,,2.25,,,,,,,,,3.94,,,,
G06008701222021,,,,,,,,,,,,,,,,,,,,,,,,1.79,,,,,,2.89,,,,,3.08,,,,,,,,,,,,,,,,,,,,,,,,,,,,,,,,,,,,,,,,3.08,,,,,,,,,,,2.58,,,,,,,,2.81,,,,,,,,,,,,,,,,3.06,,,,,,1.59,,,2.08,,,,,,,,,,,,,5.65,,,,
G06008701222031,,,,,,,,,,,,,,,,,,,,,,,,2.64,,,,,,2.15,,,,,2.26,,,,,,,,,,,,,,,,,,,,,,,,,,,,,,,,,,,,,,,,2.26,,,,,,,,,,,2.17,,,,,,,,3.02,,,,,,,,,,,,,,,,2.24,,,,,,1.34,,,2.93,,,,,,,,,,,,,5.06,,,,
G06008701222032,,,,,,,,,,,,,,,,,,,,,,,,3.17,,,,,,3.65,,,,,3.76,,,,,,,,,,,,,,,,,,,,,,,,,,,,,,,,,,,,,,,,3.76,,,,,,,,,,,3.67,,,,,,,,1.9,,,,,,,,,,,,,,,,3.74,,,,,,2.84,,,3.4,,,,,,,,,,,,,6.56,,,,
G06008701223001,,,,,,,,,,,,,,,,,,5.63,,,4.92,,,,,,,,,,,,,,,,,,,,,5.37,5.23,,,,,,,6.21,,,,,,,,,5.64,,,,,5.76,,,,,,,,,,,,,,,,,,,,,,,,,,,,,,,,,,,,,,,,,,,,,,,,,,5.28,4.6,,,,,,,,,,,,,,,,,,,4.91,,
G06008701223002,,,,,,,,,,,,,,,,,,5.03,,,,,,5.87,,,,,,,,,,,,,,,,,,4.77,6.13,,,,,,,5.61,,,,,,,,,5.62,,,,,5.37,,,,,,,,,,,,,,,,,,,,,,,,,,,,,,2.45,,,,,,,,,,,,,,,,,,,,,6.53,,,,,,,,,,,,,,,,,,,6.33,,
G06008701223003,,,,,,,,,,,,,,,,,,6.37,,,,,,6.04,,,,,,,,,,,,,,,,,,6.11,,,,,,,,6.95,,,,,,,,,6.96,,,,,6.71,,,,,,,,,,,,,,,,,,,,,,,,,,,,,7.84,2.63,,,,,,,,,,,,,,,,,,,,,,6.24,,,6.27,,,,,,,,,,,,,,,,,
G06008701224001,,,,,,,,,,,,,,,,,,,,,,,,,,,,,,,,,,,,,,,,,,,,,,,,,,,,,,,,,,,,,,,,,,,,,,,,,,,,,,,,,,,,,,,,7.03,,,,,8.89,,,,,,,,,11.58,11.58,8.67,9.28,9.28,,,,,,,,,,,,,8.93,,,,,,,11.58,,,,4.44,,,,,,
G06008701224002,,,,,,,,,,,,,,,,,,4.83,,,,,,5.93,,,,,,,,,,,,,,,,,,5.6,,,,,,,,4.93,,,,,,,,,,,,,,,,,,,,,,,,,,,,,,,,,,,,,,2.92,,,,,4.76,7.3,,,,,,,,,,,,,,,,,,,,,,5.99,,,4.82,,,,,,,,,,,0.56,,,,,,
G06008701224003,,,,,,,,,,,,,,,,,,4.32,,,,,,4.84,,,,,,,,,,,,,,,,,,4.06,,,,,,,,4.5,,,,,,,,,5.07,,,,,4.82,,,,,,,,,,,,,,,,,,,,,,,,,,,,,5.12,3.36,,,,,,,,,,,,,,,,,,,,,,,,,4.97,,,,,,,,,,,6.32,,,,,,
G06008701224004,,,,,,,,,,,,,,,,,,,,,,,,7.93,,,,,,,,,,,,,,,,,,,,,,,,,,,,,,,,,,,,,,,,,,,,,,,,,,,,,,,,,,,,,,,,4.92,,,,,,,,,,,,,,16.19,16.19,,13.89,13.89,,,,,,,,,,7.99,,,6.82,,,,,,,16.19,,,,2.09,,,,,,
G06008701224005,,,,,,,,,,,,,,,,,,,,,,,,,,,,,,,5.43,,,,,,,,,,,,,,,,,,,,,,,,,,,,,,,,,,,,,,,,,,,,,,,,,,,,,,,,,8.4,,,,,3.9,,,,,,,,,,9.93,7.02,7.63,7.63,,,,,,,,,,,,,,,,,,,,9.93,,,,6.15,,,3.97,,,
G06008701224006,,,,,,,,,,,,,,,,,,,,,,,,4.63,,,,,,,,,,,6.25,,,,,,,,,,,,,,,,,,,,,,,,,,,,,,,,,,,,,,,,6.25,,,,,,,,,,,5.72,,5.41,,,,,,3.85,,,,,,,,,,,,,,,,6.23,,,,,,4.73,,,4.76,,,,,,,,,,,5.39,,,,,,
G06008701225001,,,,,,,,,,,,,,,,,4.81,3.03,,,,,,,,,,,,,3.67,,,,,,,,,,,3.77,,,,,,,,2.9,,,,,,,,,3.6,4.4,,,,,,,,,,,,,,,,,,,,,,,,,,,,,,,,,1.9,,,,,,,,,,,,,,,,,,,,,,,,,,,,,,,,,,,,,4.58,,,3.93,,,
G06008701225002,,,,,,,,,,,,,,,,,3.5,1.71,,,,,,,,,,,,,2.35,,,,,,,,,,,2.46,,,,,,,,1.59,,,,,,,,,2.28,3.08,,,,,,,,,,,,,,,,,,,,,,,,,,,,,,,,,0.59,,,,,,,,,,,,,,,,,,,,,3.06,,,,,,,,,,,,,,,,,,,3.62,,,
G06008701225003,,,,,,,,,,,,,,,,,4.58,,,4.96,,,,,,,,,,,3.08,,,,,,,,,,,,5.09,,,,,,,5.17,,,,,,,,,5.66,4.54,,,,,,,,,,,,,,,,,,,,,,,,,,,,,,,,,4.58,,,,,,,,,,,,,,,,,,,,,4.64,,,,,,,,,,,,,,,,,,,1.62,,,
G06008701225004,,,,,,,,,,,,,,,,,4.96,3.18,,,,,,,,,,,,,3.82,,,,,,,,,,,3.93,,,,,,,,3.05,,,,,,,,,3.75,,,,,,,,,,,,,,,,,,,,,,,,,,,,,6.66,,,,,2.05,,,,,,,,,,,,,,,,,,,,,,,,,,,,,,,,,,,,,4.41,,,4.08,,,
G06008701231001,,,,,,,,,,,,,,,,,,2.87,,,,,,,,,,,,,3.51,,,,,,,,,,,3.61,4.21,,,,,,,2.74,,,,,,,,,3.44,,,,,4.33,,,,,,,,,,,,,,,,,,,,,,,,,,,,,1.4,,,,,,,,,,,,,,,,,,,,,,,,,,,,,,,,,,,,,3.65,,,5.01,,,
G06008701231002,,,,,,,,,,,,,,,,,,3.82,,,,,,,,,,,,,4.46,,,,,,,,,,,4.57,,,,,,,,3.69,,,,,,,,,4.39,,,,,5.28,,,,,,,,,,,,,,,,,,,,,,,,6.61,,,,,2.69,,,,,,,,,,,,,,,,,,,,,,,,,,,,,,,,,,,,,4.36,,,4.72,,,
G06008701233001,,,,,,,,,,,,,,,,,4.43,,4.7,4.81,5.02,,,,,,,,,,5.31,,,,,,,,,,,,5.43,,,,,,,,,,,,,,,,,4.68,,,,,,,,,,,,,,,,,,,,,,,,,,,,,,,,,,,,,,,,,,,,,,,,,,,,,,4.91,,,,,,,,,,,,,,,,,,,5.01,5.19,,
