,163348416,163348418,163755246,165796007,165797937,177228755,179048964,179069430,179238219,179238220,200523432,232198966,232385663,281221369,295540703,297137669,297309624,297486652,297486827,297488206,303720214,393170636,393170640,404489035,41157479,414228506,414283664,414295984,420431652,426257036,456519543,461207303,461517448,461764828,461764829,471773647,471773658,471783069,471783073,477835113,479820556,480258766,480690138,495954740,521738406,521738417,521738418,521738419,532646121,575174953,585187059,585628874,585628875,589566126,62203167,62203478,62203658,62232486,62238217,62240098,62242840,62244864,632307395,632308005,685589105,700607855,700607857,70799844,70925027,739459889,739459900,740526469,798941237,83069708,83069817,838909472,883972799,954013199,954013209,96328169,973233930
G06009900001011,,,,,,,,,,16.35,,,,,,,,,,,,,,15.92,,,,,,7.0,,,,,,6.46,7.15,7.02,7.08,,,,,,,,,,,,,,,,,,,,,,,,,,,,,,,,,8.17,,,,,,15.94,16.23,,
G06009900001012,,,,,,,,,,20.25,,,,,,,,,,,,,,19.81,,,,,,10.89,,,,,,10.35,11.04,10.91,10.97,,,,,,,,,,,,,,,,,,,,,,,,,,,,,,,,,12.2,,,,,,19.83,20.12,,
G06009900001013,,,,,,,,,,,,,,,,,,,,,,,,12.1,,,,,,5.02,,,,,,4.48,5.18,5.05,5.1,,,,,,,,,,,,,,,,,,,,,,,,,,,,,13.14,,,,6.33,,,,,,13.09,13.42,,
G06009900001014,,,,,,,,,,,,,,,,,,,,,,,,8.53,,,,,,4.57,,,,,,4.03,4.72,4.59,4.65,,,,,,,,,,,,,,,,9.35,,,,,,,,,,,,,,,,,5.88,,,,,,9.52,9.85,,
G06009900001021,,,,,,,,,,7.34,,,,,,,,,,,,,,6.92,,,,,,4.25,,,,,,4.64,4.96,4.12,4.17,,,,,,,,,,,,,,,,,,,,,,,,,,,,,,,,,4.81,,,,,,6.94,7.22,,
G06009900001022,,,,,,,,,,13.06,,,,,,,,,,,,,,12.63,,,,,,3.94,,,,,,4.32,3.82,3.81,3.86,,,,,,,,,,,,,,,,,,,,,,,,,,,,,,,,,3.09,,,,,,12.64,12.94,,
G06009900001023,,,,,,,,,,,,,,,,,,,,,,,,,,,,,,11.24,,,21.13,,,11.63,11.87,11.1,11.15,,,,,,,,,,,,,20.44,20.38,,,,,,,,,,,,,,,,,,,10.46,,,,,,,17.48,,
G06009900002011,,,,,,,,,,8.14,,,,,,,,,,,,,,7.7,,,,,,1.9,,,,,,2.29,2.88,1.88,1.83,,,,,,,,,,,,,,,,,,,,,,,,,,,,,,,,,3.23,,,,,,7.72,8.01,,
G06009900002012,,,,,,,,,,8.35,,,,,,,,,,,,,,7.91,,,,,,2.48,,,,,,2.87,3.46,2.47,2.41,,,,,,,,,,,,,,,,,,,,,,,,,,,,,,,,,3.82,,,,,,7.93,8.23,,
G06009900002013,,,,,,,,,,9.59,,,,,,,,,,,,,,9.15,,,,,,0.31,,,,,,0.38,0.81,0.45,0.4,,,,,,,,,,,,,,,,,,,,,,,,,,,,,,,,,1.94,,,,,,9.17,9.47,,
G06009900002014,,,,,,,,,,8.54,,,,,,,,,,,,,,8.11,,,,,,1.35,,,,,,1.75,2.34,1.34,1.29,,,,,,,,,,,,,,,,,,,,,,,,,,,,,,,,,2.69,,,,,,8.12,8.42,,
G06009900002015,,,,,,,,,,9.2,,,,,,,,,,,,,,8.77,,,,,,0.53,,,,,,0.91,1.44,0.66,0.61,,,,,,,,,,,,,,,,,,,,,,,,,,,,,,,,,2.15,,,,,,8.78,9.08,,
G06009900002021,,,,,,,,,,9.23,,,,,,,,,,,,,,8.79,,,,,,0.23,,,,,,0.85,1.26,0.2,0.15,,,,,,,,,,,,,,,,,,,,,,,,,,,,,,,,,1.52,,,,,,8.81,9.11,,
G06009900002022,,,,,,,,,,8.76,,,,,,,,,,,,,,8.32,,,,,,2.14,,,,,,2.69,3.12,2.13,2.07,,,,,,,,,,,,,,,,,,,,,,,,,,,,,,,,,3.11,,,,,,8.34,8.64,,
G06009900002023,,,,,,,,,,8.81,,,,,,,,,,,,,,8.37,,,,,,0.61,,,,,,1.17,1.59,0.6,0.54,,,,,,,,,,,,,,,,,,,,,,,,,,,,,,,,,1.94,,,,,,8.39,8.68,,
G06009900002031,,,,,,,,,,10.36,,,,,,,,,,,,,,9.92,,,,,,1.0,,,,,,0.82,0.28,1.02,1.08,,,,,,,,,,,,,,,,,,,,,,,,,,,,,,,,,1.69,,,,,,9.94,10.23,,
G06009900002032,,,,,,,,,,10.52,,,,,,,,,,,,,,10.12,,,,,,1.8,,,,,,2.19,2.2,1.67,1.72,,,,,,,,,,,,,,,,,,,,,,,,,,,,,,,,,1.54,,,,,,10.14,10.4,,
G06009900002033,,,,,,,,,,9.89,,,,,,,,,,,,,,9.45,,,,,,0.5,,,,,,0.65,0.54,0.52,0.58,,,,,,,,,,,,,,,,,,,,,,,,,,,,,,,,,1.37,,,,,,9.47,9.76,,
G06009900002034,,,,,,,,,,10.52,,,,,,,,,,,,,,10.08,,,,,,1.4,,,,,,1.78,1.39,1.27,1.32,,,,,,,,,,,,,,,,,,,,,,,,,,,,,,,,,0.23,,,,,,10.1,10.4,,
G06009900002035,,,,,,,,,,12.65,,,,,,,,,,,,,,12.22,,,,,,3.3,,,,,,2.76,3.45,3.32,3.38,,,,,,,,,,,,,,,,,,,,,,,,,,,,,,,,,4.61,,,,,,12.24,12.53,,
G06009900003011,,,,,,,,,5.23,5.14,,,,,,,,,,,,,,3.66,,,,,,,,5.82,,5.98,,,,,,,,,,,,,,,,,,,,,4.48,,4.91,,,,,,,,,,,4.78,,,,,,,,,,4.44,4.79,,
G06009900003012,,,,,,,,,5.15,5.22,,,,,,,,,,,,,,3.58,,,,,,,,5.66,,,,,,,,,,,,,,,,,,,,,,,4.39,,4.75,,,,,,,,,,,4.63,,,,,,,,,5.5,4.57,4.9,,
G06009900003021,,,,,,,,,5.03,5.1,,,,,,,,,,,,,,3.46,,,,,,,,5.14,,,,,,,,,,,,,,,,,,,,,,,4.28,,4.23,,,,,,,,,,,4.1,,,,,,,,,4.98,4.45,4.78,,
G06009900003022,,,,,,,,,,,,,,,,,,,,,,,,4.1,,,,,,,,,,4.8,,,,,,,,,,,5.62,,,,,,,,,,4.25,,3.74,5.19,,,,,,,,,,3.61,,,,,,,,,4.41,5.08,5.42,,
G06009900003023,,,,,,,,,,5.8,,,,,,,,,,,,,,4.16,,,,,,,,5.84,,,,,,,,,,,,,,,,,,,,,,,4.98,,4.93,6.39,,,,,,,,,,4.8,,,,,,,,,5.68,5.15,5.49,,
G06009900003031,,,,,,,,,3.86,3.93,,,,,,,,,,,,,,2.3,,,,,,,,4.48,,4.64,,,,,,,,,,,,,,,,,,,,,3.11,,3.66,,,,,,,,,,,3.53,,,,,,,,,,3.28,3.62,,
G06009900003032,,,,,,,,,,,,,,,,,,,,,,,,3.57,,,,,,,,4.18,,4.34,,,,,,,,,,,,,,,,,,,,,3.78,,3.27,4.72,,,,,,,,,,3.14,,,,,,,,,4.01,4.56,4.9,,
G06009900003033,,,,,,,,,4.69,4.77,,,,,,,,,,,,,,3.13,,,,,,,,4.66,,,,,,,,,,,,,,,,,,,,,,,3.94,,3.75,,,,,,,,,,,3.62,,,,,,,,,4.49,4.12,4.45,,
G06009900003041,,,,,,,,,5.12,4.88,,,,,,,,,,,,,,3.73,,,,,,,,5.88,,6.04,,,,,,,,,,,,,,,,,,,,,4.54,,4.97,,,,,,,,,,,4.84,,,,,,,,,,4.25,4.6,,
G06009900003042,,,,,,,,,3.9,3.74,,,,,,,,,,,,,,2.83,,,,,,,,5.01,,5.17,,,,,,,,,,,,,,,,,,,,,3.64,,4.19,,,,,,,,,,,4.06,,,,,,,,,,3.03,3.39,,
G06009900003043,,,,,,,,,4.4,4.23,,,,,,,,,,,,,,3.32,,,,,,,,5.5,,5.66,,,,,,,,,,,,,,,,,,,,,4.14,,4.68,,,,,,,,,,,4.56,,,,,,,,,,3.53,3.88,,
G06009900004021,,,,,,,,,5.51,5.11,,,,,,,,,,,,,,4.68,,,,,,5.02,,,,,,,,5.01,4.96,,,,,,,,,,,,,,,,5.5,,,,,,,,,,,,,5.82,,,,,,,,,,4.7,4.99,,
G06009900004022,,,,,,,,,2.54,2.38,,,,,,,,,,,,,,1.66,,,,,,,,3.84,,,,,,,,,,,,,,,,,,,,,,,2.48,,3.58,,,4.15,,,,,,,,3.78,,,,,,,,,,1.68,2.03,,
G06009900004023,,,,,,,,,,,,,,,,,,,,,,,,4.77,,,,,,,,,,,,,,,,,,,,,4.17,4.19,4.19,4.29,,,,,,,4.72,,3.15,4.09,,,,,,,,,,3.11,,,,,,,,,2.96,,,,
G06009900004024,,,,,,,,,,,,,,,,,,,,,,,,4.44,,,,,,,,,,,,,,,,,,,,,5.78,5.8,,5.91,,,,,,,4.4,,3.89,5.35,,,,,,,,,,3.76,,,,,,,,,4.57,5.42,,,
G06009900004025,,,,,,,,,,,,,,,,,,,,,,,,4.08,,,,,,,,,,,,,,,,,,,,,4.86,4.88,,4.98,,,,,,,4.04,,3.53,4.78,,,,,,,,,,3.41,,,,,,,,,3.65,5.07,,,
G06009900004031,,,,,,,,3.24,,,,,,,,,,,,,,,,3.81,,,,,,,,3.78,,3.67,3.67,,,,,,,,,,,,,,,,,,,,3.45,,1.87,2.81,,,,,,,,,,1.83,,,,,,,,,2.21,,,,
G06009900004032,,,,,,,,2.01,,,,,,,,,,,,,,,,,,,,,,,,2.25,,2.15,2.15,,,,,,,,,,,,,,,,,,,,1.88,,0.27,1.58,1.97,,,,,,,,,0.41,,,,,,,,,1.83,,,,
G06009900004041,,,,,,,,1.68,,,,,,,,,,,,,,,,,,,,,,,,,,,,,,,,,,,,,1.62,1.64,1.64,1.53,,,,,,,,,1.36,2.05,,,1.75,,,,,,,1.65,,,,,,,,,0.91,,,,
G06009900004042,,,,,,,,2.06,,,,,,,,,,,,,,,,,,,,,,,,,,,,,,,,,,,,,1.46,1.55,1.55,1.65,,,,,,,,,1.35,2.27,,,2.49,,,,,,,1.31,,,,,,,,,0.73,,,,
G06009900004043,,,,,,,,1.76,,,,,,,,,,,,,,,,,,,,,,,,,,2.46,2.46,,,,,,,,,,2.12,,,2.25,,,,,,,,,0.86,1.61,2.0,,,,,,,,,1.03,,,,,,,,,1.39,,,,
G06009900005011,,,,,,,,,,,,,,,,,,,,,,,,,,,,,,,,,,,,,,,,,,,,,5.77,4.01,4.01,4.11,4.6,,,,,,,,6.66,,,,5.13,5.19,,,,,,6.62,,,,,,,,,4.56,,,,
G06009900005012,,,,,,,,6.27,,,,,,,,,,,,,,,,,,,,,,,,,,,,,,,,,2.85,,,,5.23,3.29,3.29,3.4,3.35,,,,,,,,,,,,4.36,4.38,,,,,,,,,,,,,,,4.02,,,,
G06009900005013,,,,,,,,,,,,,,,,,,,,,,,,,,,,,,,,,,,,,,,,,2.3,,,,8.1,6.15,6.15,6.25,6.0,,,,,,,,,,,,6.81,6.52,,,,,,,7.84,,,,,,,,7.21,,,,
G06009900005014,,,,,,,,,,,,,,,,,,,,,,,,,,,,,,,,,,,,,,,,,1.56,,,,6.71,4.76,4.76,4.86,4.76,,,,,,,,,,,,5.56,5.28,,,,,,,6.89,,,,,,,,5.73,,,,
G06009900005031,,,,,,,,,,,,,,,,,,,,,,,,,,,,,,,,,,,,,,,,,2.28,,,,4.63,2.68,2.68,2.78,2.64,,,,,,,,,,,,3.65,3.67,,,,,,,,,,,,,,,3.88,,,4.93,
G06009900005032,,,,,,,,,,,,,,,,,,,,,,,,,,,,,,,,,,,,,,,,,2.48,,5.34,,5.01,3.06,3.06,3.1,2.88,,,,,,,,,,,,3.85,3.56,,,,,,,5.17,,,,,,,,,,,,
G06009900005033,,,,,,,,,,,,,,,,,,,,,,,,,,,,,,,,,,,,,,,,,2.61,,,,4.81,2.82,2.82,2.71,2.49,,,,,,,,,,,,3.44,3.16,,,,,,,4.77,,,,,,,,,,,4.37,
G06009900005041,,,,,,,,,,,,,,,,,,,,,,,,,,,,,,,,,,,,,,,,,3.34,,,,4.59,2.64,2.64,2.74,2.67,,,,,,,,,,,,3.67,3.7,,,,,,,,,,,,,,,3.83,,,5.13,
G06009900005042,,,,,,,,,,,,,,,,,,,,,,,,,,,,,,,,,,,,,,,,,3.68,,,,3.92,1.92,1.92,1.82,1.31,,,,,,,,,,,,2.31,2.34,,,,,,,,,,,,,,,3.18,,,4.03,
G06009900005043,,,,,,,,,,,,,,,,,,,,,,,,,,,,,,,,,,,,,,,,,3.09,,,,4.12,2.13,2.13,2.02,1.74,,,,,,,,,,,,2.74,2.69,,,,,,,,,,,,,,,3.39,,,4.2,
G06009900005051,,,,,,,,3.8,,,,,,,,,,,,,,,,,,,,,,,,,,,,,,,,,,,,,2.74,0.8,0.8,0.91,1.35,,,,,,,,,,,,1.89,1.94,,,,,,,,,,,,,,,1.53,,,3.94,
G06009900005052,,,,,,,,3.56,,,,,,,,,,,,,,,,,,,,,,,,,,,,,,,,,,,,,3.45,1.46,1.46,1.36,0.64,,,,,,,,,,,,1.65,1.68,,,,,,,,,,,,,,,2.72,,,3.63,
G06009900005061,,,,,,,,1.98,,,,,,,,,,,,,,,,,,,,,,,,,,,,,,,,,,,,,1.81,1.07,1.07,0.97,1.79,,,,,,,,,,2.67,,1.24,1.96,,,,,,,,,,,,,,,1.09,,,,
G06009900005062,,,,,,,,2.33,,,,,,,,,,,,,,,,,,,,,,,,,,,,,,,,,,,,,2.25,0.71,0.71,0.61,1.34,,,,,,,,,,3.02,,0.8,1.52,,,,,,,,,,,,,,,1.54,,,,
G06009900005063,,,,,,,,3.29,,,,,,,,,,,,,,,,,,,,,,,,,,,,,,,,,,,,,2.2,0.27,0.27,0.37,1.8,,,,,,,,,,,,1.78,2.39,,,,,,3.03,,,,,,,,,0.99,,,,
G06009900005064,,,,,,,,2.75,,,,,,,,,,,,,,,,,,,,,,,,,,,,,,,,,,,,,1.63,0.84,0.84,0.94,2.38,,,,,,,,,,,,2.35,2.97,,,,,,2.49,,,,,,,,,0.42,,,,
G06009900005101,,,,,,,,,,,,,,,,,,,,,,,,,,,,,,,,,,,,,,,,,1.28,,6.13,,6.13,4.18,4.18,4.28,4.12,,,,,,,,,,,,4.93,4.65,,,,,,,5.97,,,,,,,,,,,,
G06009900005102,,,,,,,,,,,,,,,,,,,,,,,,,,,,,,,,,,,,,,,,,0.42,,6.93,,6.89,4.94,4.94,5.04,4.93,,,,,,,,,,,,5.73,5.45,,,,,,,6.77,,,,,,,,,,,,
G06009900005103,,,,,,,,,,,,,,,,,,,,,,,,,,,,,,,,,,,,,,,,,1.22,,6.93,,6.93,4.98,4.98,5.09,4.93,,,,,,,,,,,,5.73,5.45,,,,,,,6.77,,,,,,,,,,,,
G06009900005104,,,,,,,,,,,,,,,,,,,,,,,,,,,,,,,,,,,,,,,,,0.27,,6.41,,6.37,4.42,4.42,4.52,4.4,,,,,,,,,,,,5.21,4.93,,,,,,,6.25,,,,,,,,,,,,
G06009900006011,,,,,,,,,,,,,,,,,,,,,,,,,,,,,,,,,,,,,,,,,3.13,,4.25,,,4.33,4.33,4.23,3.07,,,,,,,,,,,,3.87,3.59,,,,,,,4.08,,,,,,,,,,,4.1,
G06009900006012,,,,,,,,,,,,,,,,,,,,,,,,,,,,,,,,,,,,,,,,,5.31,,2.47,,,,4.69,4.59,3.28,,,,,,,,,,,,3.63,2.94,,,,,,,2.3,,,,,,,,,,,2.34,3.44
G06009900006013,,,,,,,3.41,,,,,,,,,,,,,,,,,,,,,,,,,,,,,,,,,,,,2.15,,,,4.99,4.88,3.58,,,,,,,,,,,,3.92,3.24,,,,,,,1.99,,,,,,,,,,,2.04,3.14
G06009900006021,,,,,,,3.09,,,,,,,,,,,,,,,,,,,,,,,,,,,,,,,,,,,,1.86,,,,3.68,3.58,2.27,,,,,,,,,,,,2.61,1.93,,,,,,,1.7,,,,,,,,,,,1.72,2.83
G06009900006022,,,,,,,2.23,4.16,,,,,,,,,,,,,,,,,,,,,,,,,,,,,,,,,,,1.1,,,,4.24,,2.96,,,,,,,,,,,,3.14,2.62,,,,,,,0.94,,,,,,,,,,,1.07,2.03
G06009900008011,,,,,,,,1.53,,,,,,,,,,,,,,,,,,,,,,,,,,,,,,,,,,,,,2.21,1.76,1.76,1.66,1.9,,,,,,,,,,2.22,,0.93,1.65,,,,,,,,,,,,,,,1.5,,,,
G06009900008012,,,,,,,,2.07,,,,,,,,,,,,,,,,,,,,,,,,,,,,,,,,,,,,,2.59,1.07,1.07,0.97,1.24,,,,,,,,,,,,0.46,1.18,,,,,,,,,,,,,,,1.88,,,2.6,
G06009900008013,,,,,,,,1.46,,,,,,,,,,,,,,,,,,,,,,,,,,,,,,,,,,,,,2.79,1.55,1.55,1.44,1.53,,,,,,,,,,,,0.49,0.94,,,,,,,,,,,,,,,2.07,,,2.35,
G06009900008014,,,,,,,,1.67,,,,,,,,,,,,,,,,,,,,,,,,,,,,,,,,,,,,,3.45,1.89,1.89,1.79,1.79,,,,,,,,,,1.96,,0.79,0.75,,,,,,,,,,,,,,,,,,1.65,
G06009900008015,,,,,,,,1.2,,,,,,,,,,,,,,,,,,,,,,,,,,,,,,,,,,,,,2.91,2.27,2.27,2.17,,,,,,,,,,1.93,1.59,,1.21,1.34,,,,,,,,,,,,,,,,,,2.2,
G06009900008031,,,,,,,,,,,,,,,,,,,,,,,,,,,,,,,,,,,,,,,,,,,3.05,,4.89,2.96,2.96,2.86,1.44,,,,,,,,,,,,1.9,1.28,,,,,,,2.89,,,,,,,,,,,2.48,
G06009900008032,,,,,,,,,,,,,,,,,,,,,,,,,,,,,,,,,,,,,,,,,,,3.46,,4.93,2.94,2.94,2.83,1.49,,,,,,,,,,,,2.1,1.82,,,,,,,3.3,,,,,,,,,,,2.89,
G06009900008033,,,,,,,,,,,,,,,,,,,,,,,,,,,,,,,,,,,,,,,,,,,3.59,,4.51,2.51,2.51,2.41,0.97,,,,,,,,,,,,1.58,1.3,,,,,,,3.43,,,,,,,,,,,3.03,
G06009900008051,,,,,,,,2.2,,,,,,,,,,,,,,,,,,,,,,,,,,,,,,,,,,,,,3.5,1.6,1.6,1.49,0.94,,,,,,,,,,,,0.5,0.42,,,,,,,,,,,,,,,2.78,,,2.29,
G06009900008052,,,,,,,,,,,,,,,,,,,,,,,,,,,,,,,,,,,,,,,,,,,3.27,,4.04,2.11,2.11,2.01,0.64,,,,,,,,,,,,1.05,0.64,,,,,,,,,,,,,,,3.32,,,2.62,
G06009900008053,,,,,,,,,,,,,,,,,,,,,,,,,,,,,,,,,,,,,,,,,,,2.83,,4.27,2.35,2.35,2.24,1.17,,,,,,,,,,,,1.28,0.6,,,,,,,2.66,,,,,,,,,,,2.22,
G06009900008054,,,,,,,,2.31,,,,,,,,,,,,,,,,,,,,,,,,,,,,,,,,,,,,,3.96,2.07,2.07,1.96,1.27,,,,,,,,,,,,0.96,0.24,,,,,,,,,,,,,,,3.25,,,1.94,
G06009900008061,,,,,,,,2.55,,,,,,,,,,,,,,,,,,,,,,,,,,,,,,,,,,,,,3.24,1.33,1.33,1.22,0.85,,,,,,,,,,,,0.61,0.98,,,,,,,,,,,,,,,2.53,,,2.74,
G06009900008062,,,,,,,,3.25,,,,,,,,,,,,,,,,,,,,,,,,,,,,,,,,,,,,,3.83,1.84,1.84,1.73,0.3,,,,,,,,,,,,1.35,1.35,,,,,,,,,,,,,,,3.1,,,3.22,
G06009900008071,,,,,,,,,,,,,,,,,,,,,,,,,,,,,,,,,,,,,,,,,3.51,,,,4.37,2.38,2.38,2.27,1.52,,,,,,,,,,,,2.42,2.14,,,,,,,,,,,,,,,3.64,,,3.64,
G06009900008072,,,,,,,,,,,,,,,,,,,,,,,,,,,,,,,,,,,,,,,,,,,3.77,,4.26,2.26,2.26,2.16,1.06,,,,,,,,,,,,1.96,1.68,,,,,,,,,,,,,,,3.52,,,3.21,
G06009900009051,,,,,,,,,1.91,2.23,,,,,,,,,,,,,,,,,,,,,,1.01,,1.17,1.17,,,,,,,,,,,,,,,,,,,,2.37,1.31,,2.04,,0.98,,,,,,,,,,,,,,,,,,,2.67,,
G06009900009052,,,,,,,,,2.29,2.61,,,,,,,,,,,,,,,,,,,,,,0.99,,1.15,1.15,,,,,,,,,,,,,,,,,,,,2.35,1.04,,2.02,2.08,0.96,,,,,,,,,,,,,,,,,,,,,
G06009900009053,,,,,,,,,1.66,1.98,,,,,,,,,,,,,,,,,,,,,,1.5,,1.66,1.66,,,,,,,,,,,,,,,,,,,,2.5,1.61,,,,0.39,,,,,,,,,,,,,,,,,,2.6,2.43,,
G06009900009061,,,,,,,,,0.57,0.85,,,,,,,,,,,,,,1.98,,,,,,,,1.7,,1.86,1.86,,,,,,,,,,,,,,,,,,,,2.08,,,,,1.77,,,,,,,,,,,,,,,,,,1.64,1.29,,
G06009900009062,,,,,,,,,1.71,1.67,,,,,,,,,,,,,,2.55,,,,,,,,2.26,,2.42,2.42,,,,,,,,,,,,,,,,,,,,2.64,,,,,1.32,,,,,,,,,,,,,,,,,,2.31,1.96,,
G06009900009063,,,,,,,,,1.49,1.81,,,,,,,,,,,,,,,,,,,,,,1.93,,2.09,2.09,,,,,,,,,,,,,,,,,,,,2.33,1.94,,,,0.31,,,,,,,,,,,,,,,,,,2.42,2.25,,
G06009900009071,,,,,,,,1.2,,,,,,,,,,,,,,,,,,,,,,,,2.2,,2.04,2.04,,,,,,,,,,,,,,,,,,,,,2.49,0.99,1.19,1.58,,,,,,,,,1.32,,,,,,,,,1.87,,,,
G06009900009072,,,,,,,,1.25,,,,,,,,,,,,,,,,,,,,,,,,,,,,,,,,,,,,,1.97,1.98,,1.88,,,,,,,,,1.58,1.79,1.77,,1.4,,,,,,,1.91,,,,,,,,,1.25,,,,
G06009900009073,,,,,,,,0.63,,,,,,,,,,,,,,,,,,,,,,,,,,2.03,2.03,,,,,,,,,,,,,,,,,,,,,2.42,1.66,1.17,1.16,,1.51,,,,,,,1.99,,,,,,,,,1.86,,,,
G06009900009081,,,,,,,,1.92,,,,,,,,,,,,,,,,,,,,,,,,1.5,,1.41,1.41,,,,,,,,,,,,,,,,,,,,1.39,2.0,0.88,1.13,1.77,,,,,,,,,1.15,,,,,,,,,,,,,
G06009900009082,,,,,,,,1.57,,,,,,,,,,,,,,,,,,,,,,,,1.86,,1.76,1.76,,,,,,,,,,,,,,,,,,,,1.74,2.24,0.7,1.05,1.44,,,,,,,,,1.02,,,,,,,,,,,,,
G06009900009083,,,,,,,,1.4,,,,,,,,,,,,,,,,,,,,,,,,1.26,,1.16,1.16,,,,,,,,,,,,,,,,,,,,1.56,1.64,1.08,0.6,1.24,,,,,,,,,1.4,,,,,,,,,,,,,
G06009900009091,,,,,,,,0.62,,,,,,,,,,,,,,,,,,,,,,,,1.66,,1.5,1.5,,,,,,,,,,,,,,,,,,,,,1.84,1.8,0.74,0.54,,,,,,,,,2.13,,,,,,,,,2.48,,,,
G06009900009092,,,,,,,,0.4,,,,,,,,,,,,,,,,,,,,,,,,,,,,,,,,,,,,,,,,,,,,,,,,2.28,2.2,1.27,1.01,,1.91,2.18,,,,,,2.52,,,,,,,,,2.28,,,3.11,
G06009900009093,,,,,,,2.3,0.47,,,,,,,,,,,,,,,,,,,,,,,,1.51,,1.35,1.35,,,,,,,,,,,,,,,,,,,,,1.57,2.27,0.91,0.25,,,,,,,,,2.59,,,,,,,,,,,,,
G06009900009101,,,,,,,,1.62,,,,,,,,,,,,,,,,,,,,,,,,0.66,,0.5,0.5,,,,,,,,,,,,,,,,,,,,1.4,1.27,1.68,0.62,1.22,,,,,,,,,1.96,,,,,,,,,,,,,
G06009900009102,,,,,,,,1.12,,,,,,,,,,,,,,,,,,,,,,,,1.27,,1.11,1.11,,,,,,,,,,,,,,,,,,,,1.83,1.59,1.52,0.39,0.94,,,,,,,,,1.85,,,,,,,,,,,,,
G06009900009103,,,,,,,,1.09,,,,,,,,,,,,,,,,,,,,,,,,0.79,,0.63,0.63,,,,,,,,,,,,,,,,,,,,2.14,1.11,1.85,0.25,0.46,,,,,,,,,2.18,,,,,,,,,,,,,
G06009900009104,,,,,,,,1.57,,,,,,,,,,,,,,,,,,,,,,,,0.41,,0.25,0.25,,,,,,,,,,,,,,,,,,,,1.76,0.9,2.09,0.73,0.94,2.18,,,,,,,,,,,,,,,,,,,,,
G06009900009111,,,,,,,,,1.2,1.53,,,,,,,,,,,,,,,,,,,,,,0.51,,0.67,0.67,,,,,,,,,,,,,,,,,,,,1.38,1.56,,1.55,,1.72,,,,,,,,,,,,,,,,,,,1.97,,
G06009900009112,,,,,,,,,1.66,,,,,,,,,,,,,,,2.17,,,,,,,,0.51,,0.67,0.67,,,,,,,,,,,,,,,,,,,,1.31,1.66,2.21,1.56,,2.18,,,,,,,,,,,,,,,,,,,,,
G06009900009113,,,,,,,,,,,,,,,,,,,,,,,,1.6,,,,,,,,0.62,,0.78,0.78,,,,,,,,,,,,,,,,,,,,0.74,1.87,1.79,1.23,,2.41,,,,,,,,2.06,,,,,,,,,,,,,
G06009900009121,,,,,,,,,0.85,1.02,,,,,,,,,,,,,,1.44,,,,,,,,0.89,,1.05,1.05,,,,,,,,,,,,,,,,,,,,1.04,,,,,1.66,,,,,,,,,,,,,,,,,,1.63,1.46,,
G06009900009122,,,,,,,,,1.16,1.29,,,,,,,,,,,,,,1.18,,,,,,,,1.15,,1.31,1.31,,,,,,,,,,,,,,,,,,,,0.78,,,,,2.02,,,,,,,,,,,,,,,,,,1.38,1.33,,
G06009900009123,,,,,,,,,1.0,1.08,,,,,,,,,,,,,,0.61,,,,,,,,1.63,,1.79,1.79,,,,,,,,,,,,,,,,,,,,0.75,,,,,1.95,,,,,,,,,,,,,,,,,,0.81,0.76,,
G06009900010011,,,,,,,,1.68,,,,,,,,,,,,,,,,,,,,,,,,0.85,,0.75,0.75,,,,,,,,,,,,,,,,,,,,2.21,0.51,2.32,0.96,1.03,1.98,,,,,,,,,,,,,,,,,,,,,
G06009900010012,,,,,,,1.97,2.31,,,,,,,,,,,,,,,,,,,,,,,,1.57,,1.46,1.46,,,,,,,,,,,,,,,,,,,,2.93,0.42,,1.68,1.66,1.71,,,,,,,,,,,,,,,,,,,,,
G06009900010013,,,,,,,2.31,1.55,,,,,,,,,,,,,,,,,,,,,,,,1.36,,1.25,1.25,,,,,,,,,,,,,,,,,,,,,0.42,2.55,1.16,0.9,2.01,,,,,,,,,,,,,,,,,,,,,
G06009900010014,,,,,,,,1.98,,,,,,,,,,,,,,,,,,,,,,,,0.98,,1.06,1.06,,,,,,,,,,,,,,,,,,,,2.34,0.35,2.63,1.27,1.33,1.56,,,,,,,,,,,,,,,,,,,,,
G06009900010015,,,,,,,1.92,1.97,,,,,,,,,,,,,,,,,,,,,,,,1.65,,1.54,1.54,,,,,,,,,,,,,,,,,,,,,0.5,,1.58,1.32,1.79,,,,,,,,,,,,,,,,,,,,,2.3
G06009900010021,,,,,,,1.83,1.25,,,,,,,,,,,,,,,,,,,,,,,,1.84,,1.73,1.73,,,,,,,,,,,,,,,,,,,,,0.89,,1.3,1.04,,,,,,,,,,,,,,,,,,,,,2.31,2.21
G06009900010022,,,,,,,1.41,1.62,,,,,,,,,,,,,,,,,,,,,,,,2.27,,2.17,2.17,,,,,,,,,,,,,,,,,,,,,1.14,,1.74,1.48,,,,,,,,,,,,,,,,,,,,,2.15,1.79
G06009900010023,,,,,,,0.76,1.99,,,,,,,,,,,,,,,,,,,,,,,,3.0,,2.9,2.9,,,,,,,,,,,,,,,,,,,,,1.88,,2.47,1.87,,,,,,,,,,,,,,,,,,,,,1.74,1.14
G06009900011001,,,,,,,2.33,1.55,,,,,,,,,,,,,,,,,,,,,,,,1.83,,1.72,1.72,,,,,,,,,,,,,,,,,,,,,1.39,2.68,1.29,1.03,,,,,,,,,,,,,,,,,,,,,,2.71
G06009900011002,,,,,,,1.68,1.08,,,,,,,,,,,,,,,,,,,,,,,,,,,2.06,,,,,,,,,,,,,,,,,,,,,1.95,,1.62,0.96,,2.03,1.99,,,,,,,,,,,,,,,,,,2.06,2.05
G06009900011003,,,,,,,1.48,1.28,,,,,,,,,,,,,,,,,,,,,,,,,,2.25,2.25,,,,,,,,,,,,,,,,,,,,,1.44,,1.82,1.16,,2.54,,,,,,,,,,,,,,,,,,,1.86,1.85
G06009900011004,,,,,,,1.1,1.65,,,,,,,,,,,,,,,,,,,,,,,,,,,2.55,,,,,,,,,,,,,,,,,,,,,1.68,,2.13,1.53,,2.89,2.85,,,,,,,,,,,,,,,,,,1.49,1.47
G06009900012001,,,,,,,0.99,1.78,,,,,,,,,,,,,,,,,,,,,,,,,,2.68,2.68,,,,,,,,,,,,,,,,,,,,,1.81,,2.25,1.66,,3.19,,,,,,,,,,,,,,,,,,,1.48,1.36
G06009900012002,,,,,,,0.48,2.24,,,,,,,,,,,,,,,,,,,,,,,,,,3.15,3.15,,,,,,,,2.44,,,,,,,,,,,,,2.13,,2.72,2.12,,,,,,,,,,,,,,,,,,,,,1.33,0.85
G06009900012003,,,,,,,0.77,2.71,,,,,,,,,,,,,,,,,,,,,,,,,,,,,,,,,,,2.18,,,,,,,,,,,,,2.6,,,2.59,,2.78,2.74,,,,,,,2.34,,,,,,,,,,,0.69,0.66
G06009900013001,,,,,,,1.96,1.45,,,,,,,,,,,,,,,,,,,,,,,,,,,,,,,,,,,,,,,,3.11,3.11,,,,,,,,,2.0,1.34,,2.12,2.07,,,,,,,,,,,,,,,,,,1.95,2.08
G06009900013002,,,,,,,,,,,,,,,,,,,,,,,,,,,,,,,,,,,,,,,,,,,,,,,,,,,,,,,,,,,,,,,,,,,,,,,,,,,,,,,,,
G06009900013003,,,,,,,2.41,1.83,,,,,,,,,,,,,,,,,,,,,,,,,,,,,,,,,,,,,,,2.27,2.17,2.17,,,,,,,,,,1.71,,1.17,1.13,,,,,,,,,,,,,,,,,,1.32,2.21
G06009900013004,,,,,,,1.81,2.44,,,,,,,,,,,,,,,,,,,,,,,,,,,,,,,,,,,2.8,,,,,,2.85,,,,,,,,,,2.32,,1.85,1.81,,,,,,,2.72,,,,,,,,,,,0.72,1.61
G06009900013005,,,,,,,1.47,1.9,,,,,,,,,,,,,,,,,,,,,,,,,,,,,,,,,,,3.12,,,,,,,,,,,,,2.07,,2.44,1.78,,2.11,2.06,,,,,,,,,,,,,,,,,,1.34,1.6
G06009900013006,,,,,,,1.14,2.23,,,,,,,,,,,,,,,,,,,,,,,,,,,,,,,,,,,2.72,,,,,,,,,,,,,2.26,,2.71,2.11,,2.44,2.4,,,,,,,,,,,,,,,,,,0.91,1.2
G06009900014001,,,,,,,,2.74,,,,,,,,,,,,,,,,,,,,,,,,,,,,,,,,,,,2.93,,,2.74,2.74,2.64,1.7,,,,,,,,,,,,1.64,0.92,,,,,,,,,,,,,,,,,,1.47,2.67
G06009900014002,,,,,,,,,,,,,,,,,,,,,,,,,,,,,,,,,,,,,,,,,,,2.61,,4.72,2.82,2.82,2.71,1.78,,,,,,,,,,,,1.72,1.0,,,,,,,2.45,,,,,,,,,,,1.87,
G06009900014003,,,,,,,3.21,,,,,,,,,,,,,,,,,,,,,,,,,,,,,,,,,,,,2.4,,,,3.35,3.25,1.94,,,,,,,,,,,,2.29,1.6,,,,,,,2.24,,,,,,,,,,,1.84,2.94
G06009900014004,,,,,,,2.39,2.89,,,,,,,,,,,,,,,,,,,,,,,,,,,,,,,,,,,2.65,,,,,2.87,2.2,,,,,,,,,,,,1.87,1.42,,,,,,,2.49,,,,,,,,,,,0.98,2.19
G06009900014005,,,,,,,1.86,3.17,,,,,,,,,,,,,,,,,,,,,,,,,,,,,,,,,,,2.1,,,,,,2.76,,,,,,,,,,3.05,,2.15,1.98,,,,,,,1.93,,,,,,,,,,,0.43,1.66
G06009900015001,,,,,,,1.74,4.39,,,,,,,,,,,,,,,,,,,,,,,,,,,,,,,,,,,0.79,,,,,,3.69,,,,,,,,,,4.27,,3.71,3.28,,,,,,,0.9,,,,,,,,,,,1.64,1.54
G06009900015002,,,,,,,2.01,4.68,,,,,,,,,,,,,,,,,,,,,,,,,,,,,,,,,,,0.05,,,,,,3.83,,,,,,,,,,4.56,,4.18,3.5,,,,,,,0.25,,,,,,,,,,,2.22,1.64
G06009900015003,,,,,,,2.72,5.3,,,,,,,,,,,,,,,,,,,,,,,,,,,,,,,,,,,1.25,,,,,,4.68,,,,,,,,,,5.18,,5.03,4.34,,,,,,,1.06,,,,,,,,,,,3.06,2.44
G06009900015004,,,,,,,3.62,6.28,,,,,,,,,,,,,,,,,,,,,,,,,,,,,,,,,,,1.59,,,,6.43,,5.02,,,,,,,,,,,,5.37,4.68,,,,,,,1.4,,,,,,,,,,,3.4,3.24
G06009900016011,,,,,,,1.46,4.12,,,,,,,,,,,,,,,,,,,,,,,,,,,,,,,,,,,0.61,,,,,,4.26,,,,,,,,,,4.0,,3.92,3.85,,,,,,,0.76,,,,,,,,,,,1.79,1.08
G06009900016012,,,,,,,2.03,4.61,,,,,,,,,,,,,,,,,,,,,,,,,,,,,,,,,,,1.14,,,,,,4.8,,,,,,,,,,4.49,,4.73,4.38,,,,,,,1.3,,,,,,,,,,,2.59,1.76
G06009900016013,,,,,,,1.98,4.55,,,,,,,,,,,,,,,,,,,,,,,,,,,,,,,,,,,1.79,,,,,,,,,,,,,4.28,,,4.43,,4.67,4.63,,,,,,,1.7,,,,,,,,,,,2.54,1.7
G06009900016031,,,,,,,3.06,,,,,,,,,,,,,,,,,,,6.27,6.48,,5.51,,,,,,,,,,,,,,2.39,,,,,,,,,,,,,,,,5.51,,,5.48,,,,,,,2.2,,,,,,,,,,,3.62,2.78
G06009900016032,,,,,,,2.79,5.36,,,,,,,,,,,,,,,,,,,,,,,,,,,,,,,,,,,1.82,,,,,,5.24,,,,,,,,,,5.24,,5.48,4.9,,,,,,,1.62,,,,,,,,,,,3.34,2.51
G06009900016033,,,,,,,3.06,5.63,,,,,,,,,,,,,,,,,,,,,,,,,,,,,,,,,,,1.56,,,,,,4.98,,,,,,,,,,5.51,,5.33,4.64,,,,,,,1.36,,,,,,,,,,,3.36,2.78
G06009900016034,,,,,,,2.62,5.19,,,,,,,,,,,,,,,,,,,,,,,,,,,,,,,,,,,1.34,,,,,,4.76,,,,,,,,,,5.07,,5.11,4.43,,,,,,,1.14,,,,,,,,,,,3.15,2.34
G06009900016041,,,,,,,2.41,4.98,,,,,,,,,,,,,,,,,,,,,5.22,,,,,,,,,,,,,,2.08,,,,,,,,,,,,,,,,4.86,,5.1,5.05,,,,,,,2.0,,,,,,,,,,,2.97,2.13
G06009900016042,,,,,,,2.68,5.25,,,,,,,,,,,,,,,,,,6.44,,,5.49,,,,,,,,,,,,,,2.35,,,,,,,,,,,,,,,,5.13,,,5.32,,,,,,,2.26,,,,,,,,,,,3.24,2.4
G06009900016043,,,,,,,2.58,5.16,,,,,,,,,,,,,,,,,,,,,5.45,,,,,,,,,,,,,,2.09,,,,,,,,,,,,,,,,5.04,,5.28,5.23,,,,,,,2.0,,,,,,,,,,,3.14,2.31
G06009900017001,,,,,,,1.27,3.94,,,,,,,,,,,,,,,,,,,,,,,,,,,,,,,,,,,0.93,,,,,,,,,,,,,3.72,,,3.82,,3.74,3.69,,,,,,,1.09,,,,,,,,,,,1.6,0.9
G06009900017002,,,,,,,0.8,3.47,,,,,,,,,,,,,,,,,,,,,,,,,,,,,,,,,,,1.27,,,,,,,,,,,,,3.25,,,3.35,,3.43,3.39,,,,,,,1.43,,,,,,,,,,,1.3,0.43
G06009900018001,,,,,,,0.44,2.46,,,,,,,,,,,,,,,,,,,,,,,,,,3.23,3.23,,,,,,,,2.42,,,,,,,,,,,,,2.19,,2.92,2.34,,,,,,,,,,,,,,,,,,,,,1.78,0.82
G06009900018002,,,,,,,0.47,3.0,,,,,,,,,,,,,,,,,,,,,,,,,,,,,,,,,,,1.98,,,,,,,,,,,,,2.72,,3.45,2.88,,,3.55,,,,,,,2.13,,,,,,,,,,,1.46,0.28
G06009900018003,,,,,,,0.29,3.0,,,,,,,,,,,,,,,,,,,,,,,,,,,,,,,,,,,1.79,,,,,,,,,,,,,2.78,,3.48,2.88,,,3.37,,,,,,,1.95,,,,,,,,,,,1.28,0.09
G06009900019001,,,,,,,1.87,3.74,,,,,,,,,,,,,,,,,,,,,,,,2.22,,2.38,2.38,,,,,,,,,,,,,,,,,,,,,1.97,,3.23,3.28,2.07,,,,,,,,,,,,,,,,,,,,,2.25
G06009900019002,,,,,,,2.05,3.91,,,,,,,,,,,,,,,,,,,,,,,,2.21,,2.37,2.37,,,,,,,,,,,,,,,,,,,,,1.96,,3.22,3.26,2.05,,,,,,,,,,,,,,,,,,,,,2.43
G06009900019003,,,,,,,1.44,3.31,,,,,,,,,,,,,,,,,,,,,,,,2.58,,2.74,2.74,,,,,,,,,,,,,,,,,,,,,2.33,,3.59,3.19,2.42,,,,,,,,,,,,,,,,,,,,,1.82
G06009900019004,,,,,,,0.89,2.76,,,,,,,,,,,,,,,,,,,,,,,,3.29,,3.45,3.45,,,,,,,,,,,,,,,,,,,,,2.48,,3.21,2.64,,,,,,,,,,,,,,,,,,,,,2.23,1.27
G06009900019005,,,,,,,1.03,2.9,,,,,,,,,,,,,,,,,,,,,,,,2.9,,3.06,3.06,,,,,,,,,,,,,,,,,,,,,2.62,,3.35,2.78,,,,,,,,,,,,,,,,,,,,,2.36,1.41
G06009900020021,,,,,,,,,3.99,3.94,,,,,,,,,,,,,,5.33,,,,,,,,5.33,,5.49,,,,,,,,,,,,,,,,7.03,,,,,5.67,,,,,4.85,,,,,,,,,,,,,,,,,,4.58,4.23,,
G06009900020022,,,,,,,,,2.39,2.34,,,,,,,,,,,,,,3.89,,,,,,,,3.72,,3.88,3.88,,,,,,,,,,,,,,,,,,,,4.07,,,,,2.26,,,,,,,,,,,,,,,,,,2.98,2.63,,
G06009900020023,,,,,,,,,4.02,3.97,,,,,,,,,,,,,,,,,,4.01,4.14,,,4.32,,4.48,,,,,,,,,,,,,,,,3.91,,,,,,4.08,,,,3.89,,,,,,,,,,,,,,,,,,,4.26,,
G06009900020041,,,,,,,,,1.92,2.24,,,,,,,,,,,,,,,,,,,,,,2.36,,2.52,2.52,,,,,,,,,,,,,,,,,,,,2.76,2.27,,,,0.73,,,,,,,,,,,,,,,,,,2.85,2.68,,
G06009900020042,,,,,,,,,3.14,3.47,,,,,,,,,,,,,,,,,,,,,,1.74,,1.9,1.9,,,,,,,,,,,,,,,,,,,,3.1,1.49,,2.75,2.8,1.59,,,,,,,,,,,,,,,,,,,,,
G06009900020043,,,,,,,2.4,,3.52,3.84,,,,,,,,,,,,,,,,,,,,,,2.12,,2.28,2.28,,,,,,,,,,,,,,,,,,,,,1.87,,3.13,3.18,1.96,,,,,,,,,,,,,,,,,,,,,
G06009900020044,,,,,,,,,4.03,3.99,,,,,,,,,,,,,,,,,,,,,,2.71,,2.86,2.86,,,,,,,,,,,,,,,,,,,,4.07,2.46,,3.71,,2.55,,,,,,,,,,,,,,,,,,,4.27,,
G06009900020051,,,,,,,,,3.24,3.2,,,,,,,,,,,,,,,,,,,,,,3.24,,3.4,3.4,,,,,,,,,,,,,,,,,,,,4.6,2.99,,,,3.08,,,,,,,,,,,,,,,,,,3.84,3.49,,
G06009900020052,,,,,,,,,3.42,3.37,,,,,,,,,,,,,,,,,,,,,,3.35,,3.51,3.51,,,,,,,,,,,,,,,,,,,,4.71,3.1,,,,3.19,,,,,,,,,,,,,,,,,,4.01,3.66,,
G06009900020061,,,,,,,,,2.78,2.73,,,,,,,,,,,,,,,,,,,,,,3.5,,3.66,3.66,,,,,,,,,,,,,,,,,,,,4.46,3.25,,,,2.65,,,,,,,,,,,,,,,,,,3.38,3.02,,
G06009900020062,,,,,,,,,2.68,2.63,,,,,,,,,,,,,,,,,,,,,,3.72,,3.88,3.88,,,,,,,,,,,,,,,,,,,,4.36,3.47,,,,2.55,,,,,,,,,,,,,,,,,,3.27,2.92,,
G06009900021001,,,,,,,2.45,,,,,,,,,,,,,,,,,,,5.26,,,4.08,,,2.86,,3.02,3.02,,,,,,,,,,,,,,,,,,,,,2.62,,,3.92,2.71,,,,,,,,,,,,,,,,,,,,,2.78
G06009900021002,,,,,,,1.58,3.45,,,,,,,,,,,,,,,,,,,,,,,,3.16,,3.32,3.32,,,,,,,,,,,,,,,,,,,,,2.92,,3.91,3.33,3.01,,,,,,,,,,,,,,,,,,,,,1.91
G06009900022001,,,,,,,1.23,3.57,,,,,,,,,,,,,,,,,,,,,,,,,,,,,,,,,,,1.66,,,,,,,,,,,,,3.3,,4.03,3.45,,,3.99,,,,,,,1.82,,,,,,,,,,,1.9,1.03
G06009900022002,,,,,,,1.6,4.17,,,,,,,,,,,,,,,,,,,,,,,,,,,,,,,,,,,1.67,,,,,,,,,,,,,3.9,,,4.05,,4.29,4.24,,,,,,,1.82,,,,,,,,,,,2.16,1.32
G06009900022003,,,,,,,2.21,4.56,,,,,,,,,,,,,,,,,,5.66,,,4.7,,,,,,,,,,,,,,2.56,,,,,,,,,,,,,4.28,,,4.44,,,,,,,,,,2.72,,,,,,,,,,,2.84,1.97
G06009900022004,,,,,,,2.49,4.89,,,,,,,,,,,,,,,,,,,,,5.05,,,,,,,,,,,,,,2.46,,,,,,,,,,,,,4.61,,,4.77,,,5.13,,,,,,,2.61,,,,,,,,,,,3.04,2.21
G06009900023011,,,,,,,3.8,,,,,,,,,,,,,,,,,,,4.49,4.69,,3.57,,,,,,,,,,,,,,3.58,,,,,,,,,,,,,5.77,,,5.92,,,,,,,,,,3.39,,,,,,,,,,,4.49,3.62
G06009900023012,,,,,,,4.22,,,,,,,,,,,,,,,,,,,5.3,5.5,,4.38,,,,,,,,,,,,,,3.03,,,,,,,,,,,,,,,,6.67,,,6.12,,,,,,,2.84,,,,,,,,,,,4.78,3.94
G06009900023013,,,,,,,1.75,4.0,,,,,,,,,,,,,,,,,,3.99,,,3.12,,,,,,,,,,,,,,2.51,,,,,,,,,,,,,3.72,,,3.88,,,,,,,,,,2.66,,,,,,,,,,,2.44,1.58
G06009900023014,,,,,,,2.66,,,,,,,,,,,,,,,,,,,3.55,3.76,,2.68,,,,,,,,,,,,,,3.41,,,,,,,,,,,,,4.62,,,4.78,,,,,,,,,,3.56,,,,,,,,,,,3.35,2.48
G06009900023021,,,,,,,1.82,4.06,,,,,,,,,,,,,,,,,,4.03,,,2.97,,,,,,,,,,,,,,2.95,,,,,,,,,,,,,3.79,,,3.94,,,,,,,,,,3.11,,,,,,,,,,,2.55,1.68
G06009900023022,,,,,,,2.48,,,,,,,,,,,,,,,,,,,3.73,3.74,,2.35,,,,,,,,,,,,,,3.61,,,,,,,,,,,,,4.45,,,4.6,,,,,,,,,,3.77,,,,,,,,,,,3.21,2.34
G06009900024011,,,,,,,3.84,,,,,,,,,,,,,,,,,,,3.21,3.41,4.26,2.8,,,,,,,,,,,,,,4.59,,,,,,,,,,,,,5.81,,,,,,,,,,,,,4.74,,,,,,,,,,,4.53,3.66
G06009900024012,,,,,,,4.44,,,,,,,,,,,,,,,,,,,3.63,3.83,4.68,3.22,,,,,,,,,,,,,,4.65,,,,,,,,,,,,,6.4,,,,,,,,,,,,,4.45,,,,,,,,,,,5.13,4.26
G06009900024021,,,,,,,3.33,,,,,,,,,,,,,,,,,,,3.82,4.02,,3.09,,,,,,,,,,,,,,4.09,,,,,,,,,,,,,5.3,,,5.46,,,,,,,,,,4.24,,,,,,,,,,,4.02,3.15
G06009900024022,,,,,,,4.33,,,,,,,,,,,,,,,,,,,5.29,5.49,,4.36,,,,,,,,,,,,,,3.14,,,,,,,,,,,,,6.57,,,,,,6.23,,,,,,,2.94,,,,,,,,,,,4.89,4.05
G06009900024023,,,,,,,4.12,,,,,,,,,,,,,,,,,,,3.86,4.06,,3.45,,,,,,,,,,,,,,4.85,,,,,,,,,,,,,6.09,,,6.24,,,,,,,,,,4.66,,,,,,,,,,,4.81,3.94
G06009900025011,,,,,,,3.39,,,,,,,,,,,,,,,,,,,3.41,3.62,3.88,2.49,,,,,,,,,,,,,,4.14,,,,,,,,,,,,,5.36,,,,,,,,,,,,,4.3,,,,,,,,,,,4.08,3.21
G06009900025012,,,,,,,4.13,,,,,,,,,,,,,,,,,,,2.46,2.49,3.91,2.44,,,,,,,,,,,,,,4.88,,,,,,,4.26,,,,,,,,,,,,,,,,,,,5.04,,,,,,,,,,,4.82,3.95
G06009900025013,,,,,,,4.82,,,,,,,,,,,,,,,,,,,1.62,1.83,2.87,1.85,,,,,,,,,,,,,,5.63,,,,,,,3.67,,,,,,,,,,,,,,,,,,,5.78,,,,,,,,,,,5.56,4.68
G06009900025031,,,,,,,5.38,,,,,,,,,,,,,,,,,,,0.68,0.81,1.8,1.48,,,,,,,,,,,,,,,,,,,,,2.86,,,,,,7.35,,,,,,,,,,,,,,4.16,4.1,,,,,,,,,,5.24
G06009900025032,,,,,,,5.5,,,,,,,,,,,,,,,,,,,0.73,0.66,1.52,1.24,,,,,,,,,,,,,,,,,,,,,2.58,,,,,,,,,,7.32,,,,,,,,,,3.69,3.63,,,,,,,,,,5.36
G06009900025033,,,,,,,5.11,,,,,,,,,,,,,,,,,,,1.21,1.27,1.95,1.21,,,,,,,,,,,,,,,,,,,,,3.01,,,,,,7.08,,,,,,,,,,,,,,4.39,4.33,,,,,,,,,,4.97
G06009900025041,,,,,,,5.09,,,,,,,,,,,,,,,,,,,0.84,1.03,2.52,1.78,,,,,,,,,,,,,,,,,,,,,3.58,,,,,,7.06,,,,,,,,,,,,,,4.68,4.62,,,,,,,,,,4.95
G06009900025042,,,,,,,4.32,,,,,,,,,,,,,,,,,,,1.5,1.71,2.46,0.99,,,,,,,,,,,,,,,,,,,,,2.81,,,,,,6.29,,,,7.25,,,,,,,,,,,,,,,,,,,,5.05,4.18
G06009900026021,,,,,,,4.93,,,,,,,,,,,,,,,,,,,1.22,1.15,1.32,0.59,,,,,,,,,,,,,,,,,,,,,1.98,,,,,,,,,,6.71,,,,,,,,,,3.79,3.73,,,,,,,,,,4.79
G06009900026022,,,,,,,5.32,,,,,,,,,,,,,,,,,,,1.65,1.58,0.97,0.98,,,,,,,,,,,,,,,,,,,,,1.4,,,,,,6.07,,,,6.16,,,,,,,,,,3.73,3.67,,,,,,,,,,
G06009900026023,,,,,,,5.65,,,,,,,,,,,,,,,,,,,1.58,1.51,0.77,1.4,,,,,,,,,,,,,,,,,,,,,1.97,,,,,,6.65,,,,6.74,,,,,,,,,,3.02,2.96,,,,,,,,,,
G06009900026031,,,,,,,4.81,,,,,,,,,,,,,,,,,,,1.95,1.88,2.0,0.47,,,,,,,,,,,,,,,,,,,,,2.23,,,,,,,,,,6.29,,,,,,,,,,4.52,4.46,,,,,,,,,,4.67
G06009900026032,,,,,,,4.5,,,,,,,,,,,,,,,,,,,2.26,2.19,2.31,0.88,,,,,,,,,,,,,,,,,,,,,2.28,,,,,,5.64,,,,5.73,,,,,,,,,,,4.77,,,,,,,,,,4.36
G06009900026041,,,,,,,4.02,,,,,,,,,,,,,,,,,,,2.88,2.82,2.99,1.43,,,,,,,,,,,,,,,,,,,,,3.23,,,,,,5.99,,,6.14,6.6,,,,,,,,,,,,,,,,,,,,,3.88
G06009900026042,,,,,,,3.45,,,,,,,,,,,,,,,,,,,2.9,2.83,3.0,1.45,,,,,,,,,,,,,,,,,,,,,3.36,,,,,,5.42,,,,6.39,,,,,,,,,,,,,,,,,,,,4.19,3.31
G06009900026043,,,,,,,4.26,,,,,,,,,,,,,,,,,,,2.51,2.45,2.62,0.9,,,,,,,,,,,,,,,,,,,,,2.86,,,,,,6.22,,,,6.6,,,,,,,,,,,5.02,,,,,,,,,,4.12
G06009900026051,,,,,,,4.95,,,,,,,,,,,,,,,,,,,2.71,2.64,1.89,1.52,,,,,,,,,,,,,,,,,,,,,1.84,,,,,,5.26,,,,5.36,,,,,,,,,,4.65,4.59,,,,,,,,,,
G06009900026052,,,,,,,5.5,,,,,,,,,,,,,,,,,,,2.17,2.1,1.33,1.22,,,,,,,,,,,,,,,,,,,,,1.56,,,,,,5.54,,,,5.63,,,,,,,,,,4.09,4.03,,,,,,,,,,
G06009900027011,,,,,,,4.7,,,,,,,,,,,,,,,,,,,3.08,3.02,2.7,1.89,,,5.43,,5.59,,,,,,,,,,,,,,,,2.65,,,,,,5.19,,,,5.28,,,,,,,,,,,,,,,,,,,,,
G06009900027012,,,,,,,3.89,,,,,,,,,,,,,,,,,,,3.27,3.2,3.2,1.65,,,5.77,,,,,,,,,,,,,,,,,,3.1,,,,,,5.52,,,,5.61,,,,,,,,,,,,,,,,,,,,,3.75
G06009900027021,,,,,,,3.08,,,,,,,,,,,,,,,,,,,3.4,3.33,3.5,1.94,,,,,,,,,,,,,,,,,,,,,3.79,,,,,,5.05,,,,6.02,,,,,,,,,,,,,,,,,,,,3.81,2.94
G06009900027022,,,,,,,2.59,,,,,,,,,,,,,,,,,,,3.75,3.68,3.85,2.3,,,,,,,,,,,,,,,,,,,,,,,,,,,4.56,,,4.72,5.53,,,,,,,,,,,,,,,,,,,,3.33,2.45
G06009900027023,,,,,,,2.86,,,,,,,,,,,,,,,,,,,3.66,3.6,3.77,2.21,,,,,,,,,,,,,,,,,,,,,4.0,,,,,,4.83,,,4.98,5.8,,,,,,,,,,,,,,,,,,,,,2.72
G06009900027024,,,,,,,3.2,,,,,,,,,,,,,,,,,,,3.72,3.66,3.82,2.24,,,,,,6.21,,,,,,,,,,,,,,,3.97,,,,,,5.17,,,,6.14,,,,,,,,,,,,,,,,,,,,,3.06
G06009900027025,,,,,,,3.43,,,,,,,,,,,,,,,,,,,3.28,3.21,3.38,1.75,,,,,,,,,,,,,,,,,,,,,3.49,,,,,,5.4,,,5.56,6.37,,,,,,,,,,,,,,,,,,,,,3.29
G06009900028011,,,,,,,,,,,12.74,,,,,,12.9,,,13.01,13.36,,,,,,,,,,,,11.62,,,,,,,,,,,,,,,,,,,10.93,10.87,13.82,,,,,,,,,,,,,,,,,,11.47,13.52,,,,,,,,
G06009900028012,,,,,,,,,,,12.88,,,,,,13.04,,,12.67,13.03,,,,,,,,,,,,11.76,,,,,10.21,,,,,,,,,,,,,,11.07,11.01,13.49,,,,,,,,,,,,,,,,,,10.58,,,,,,,,,
G06009900028013,,,,,,,,,,,,,,,,,23.63,,,,,,,,,,,,,20.4,,,22.36,,,20.78,21.03,20.26,20.31,,,,,,,,,,,,,21.66,21.6,,,,,,,,,,,,,,,,,,,19.62,,,,,,,,,
G06009900028021,,,,,,,,,,,12.04,,,,,,13.01,,,11.84,12.19,,,,,,,,,,,,11.73,,,,,,,12.5,,,,,,,,,,,,11.04,10.98,12.65,,,,,,,,,,,,,,,,,,,13.38,,,,,,,,
G06009900028022,,,,,,,,,,,12.22,,,,,,13.03,,,12.02,12.37,,,,,,,,,,,,11.76,,,,,,,12.68,,,,,,,,,,,,11.06,11.0,12.83,,,,,,,,,,,,,,,,,,10.53,,,,,,,,,
G06009900028023,,,,,,,,,,,9.74,,,,,,10.94,,,9.54,9.89,,10.3,,,,,,,,,,11.42,,,,,,,10.2,,,,,,,,,,,,10.82,10.76,10.35,,,,,,,,,,,,,,,,,,,,,,,,,,,
G06009900028024,,,,,,,,,4.23,3.83,,,,,,,,,,,,,,4.59,,,,,,7.44,,,,,,,,7.31,7.36,,,,,,,,,,,,,,,,5.15,,,,,5.83,,,,,,,,,,,,,,,,,,4.07,3.71,,
G06009900028031,,,,,,,,,1.28,1.24,,,,,,,,,,,,,,2.79,,,,,,,,2.62,,2.78,2.78,,,,,,,,,,,,,,,,,,,,2.97,,,,,1.69,,,,,,,,,,,,,,,,,,1.88,1.53,,
G06009900028032,,,,,,,,,0.82,0.37,,,,,,,,,,,,,,1.8,,,,,,,,2.28,,2.44,2.44,,,,,,,,,,,,,,,,,,,,1.98,,,,,2.44,,,,,,,,,,,,,,,,,,0.9,0.54,,
G06009900029011,,,,,,,,,,,23.39,24.56,,,,,23.54,,,23.83,,24.06,,,,,,,,,24.86,,22.27,,,,,,,,,,,,,,,,,,,21.57,21.51,,,,,,,,,,,,,,,,,,,,24.16,,,,,,,,
G06009900029012,,,,,,,,,,,7.23,,,,,,7.69,,,7.66,8.01,,8.42,,,,,,,,,,6.66,,,,,,,8.32,,,,,,,,,,,,5.76,5.7,8.47,,,,,,,,,,,,,,,,,,,,,,,,,,,
G06009900029013,,,,,,,,,,,6.46,7.64,,,,,6.62,,,6.9,7.25,7.14,,,,,,,,,,,5.34,,,,,,,,,,,,,,,,,,,4.65,4.59,,,,,,,,,,,,,,,,,,,,7.23,,,,,,,,
G06009900029014,,,,,,,,,,,4.47,,,,,,4.94,,,4.9,5.25,,5.65,,,,,,,,,,5.42,,,,,,,5.56,,,,,,,,,,,,4.82,4.76,5.71,,,,,,,,,,,,,,,,,,,,,,,,,,,
G06009900029015,,,,,,,,,,,3.79,,3.02,,3.68,,,,,3.59,3.03,,2.76,,,,,,,,,,,,,,,,,3.26,,,,,,,,,,,,,,2.8,,,,,,,,,,,,,,,,3.38,3.62,,,,,,,,,,
G06009900029021,,,,,,,,,8.11,8.07,,,,,,,,,,,7.06,,,,,,,6.04,,,,,,,,,,,,,,,,,,,,,,5.11,,,,6.84,,,,,,7.98,,,,,,,,,,6.94,6.64,,,,,,,,8.36,,
G06009900029022,,,,,,,,,,,,,,,6.58,,,,,5.75,5.93,,5.67,,,,,4.92,,,,,,,,,,,,6.17,,,,,,,,,,4.31,,,,5.7,,,,,,,,,,,,,,,,5.81,5.51,,,,,,,,,,
G06009900029023,,,,,,,,,,,,,5.34,,6.0,,,,,4.98,5.33,,5.08,,,,,,,,,,,,,,,,,5.59,,,,,,,,,,3.88,,,,5.12,,,,,,,,,,,,,,,,5.37,5.07,,,,,,,,,,
G06009900029024,,,,,,,,,,,,,5.37,,5.41,,,,,,5.38,,5.11,,,,,3.52,,,,,,,,,,,,5.61,,,,,,,,,,2.92,,,,5.15,,,,,,,,,,,,,,,,4.42,4.12,,,,,,,,,,
G06009900030011,,,,,,,,,7.48,7.43,,,,,,,,,,,,,,,,4.84,4.77,3.03,3.66,,,,,,,,,,,,,,,,,,,,,2.09,,,,,,,,,,6.48,,,,,,,,,,4.91,4.62,,,,,,,,,,
G06009900030012,,,,,,,,,,,,,5.85,,5.15,,,,,,,,,,,2.74,2.65,0.75,2.56,,,,,,,,,,,,,,,,,,,,,1.15,,,,6.07,,,,,,,,,,,,,,,,2.63,2.57,,,,,,,,,,
G06009900030013,,,,,,,,,7.17,,,,,,,,,,,,,,,,,2.8,2.73,1.18,1.91,,,,,,,,,,,,,,,,,,,,,0.89,,,,,,5.63,,,,5.72,,,,,,,,,,4.03,3.97,,,,,,,,,,
G06009900030021,,,,,,,6.55,,,,,,,,,,,,,,,,,,,1.33,1.36,3.25,2.65,,,,,,,,,,,,,,7.35,,,,,,,4.32,,,,,,,,,,,,,,,,,,,,5.0,4.94,,,,,,,,,,6.41
G06009900030022,,,,,,,,,,,,,4.92,5.22,4.22,,,,,,,,,,,2.67,2.24,2.69,3.28,,,,,,,,,,,,,,,,,,,,,3.9,,,,,,,,,,,,,,,,,,,,2.52,2.46,,,,,,,,,,
G06009900030023,,,,,,,,,,,,,3.47,4.1,2.77,,,,,,,,3.65,,,,3.44,2.85,,,,,,,,,,,,,,,,,,,,,,3.59,,,,3.69,,,,,,,,,,,,,,,,0.32,0.23,,,,,,,,,,
G06009900030024,,,,,,,,,,,,,3.89,,3.2,,,,,,,,,,,4.11,3.68,3.09,4.29,,,,,,,,,,,,,,,,,,,,,3.69,,,,4.12,,,,,,,,,,,,,,,,0.74,0.33,,,,,,,,,,
G06009900031001,,,,,,,10.91,,,,,,,,,,,,,,,,,,11.22,,,,,,,,,,,,,,,,,,9.72,11.32,,,,,,,,,,,,,,,,,,,,,,10.43,10.46,,9.52,,,,,,,8.6,,,,11.47,10.63
G06009900031002,,,,,,,4.13,,,,,,,,,,,,,,,,,,,6.0,6.21,,5.23,,,,,,,,,,,,,,2.94,,,,,,,,,,,,,,,,,,6.71,6.03,,,,,,,2.74,,,,,,,,,,,4.69,3.85
G06009900031003,,,,,,,,,,,,,,,,,,,,,,,,,8.71,7.84,7.86,9.76,9.16,,,,,,,,,,,,,,,,,,,,,,,,,,,,,,,,,,,,,7.92,7.94,,,9.44,9.71,,,,,6.09,,,,,
G06009900032011,,,13.8,,,,,,,,,,,,,,,,,,,,,,1.55,,,,,,,,,,,,,,,,,,15.96,1.79,,,,,,,,,,,,,,,,,,,,,,1.29,1.36,,15.77,,,,,13.5,13.42,1.65,,,,,
G06009900032012,,,13.33,,,13.28,,,,,,,,,,,,,,,,,,,1.08,,,,,,,,,,,,,,,,,,,1.32,,,,,,,,,,,,,,,,,,,,,,0.81,0.89,,16.03,,,,,13.03,12.95,1.92,,,,,
G06009900032013,,,12.02,,12.4,11.97,,,,,,,,,,,,,,,,,,,3.31,,,,,,,,,,,,,,,,,,,3.41,,,,,,,,,,,,,,,,,,,,,,2.52,2.55,,,,,,,11.72,11.64,2.22,,,,,
G06009900032014,,,13.3,,,,,,,,,,,,,,,,,,,,,,0.85,,,,,,,,,,,,,,,,,,16.61,1.1,,,,,,,,,,,,,,,,,,,,,,0.63,0.7,,16.41,,,,,13.0,12.92,2.3,,,,,
G06009900032021,,,13.09,,13.47,13.04,,,,,,,,,,,,,,,,,,,0.68,,,,,,,,,,,,,,,,,,,0.79,,,,,,,,,,,,,,,,,,,,,,0.38,0.3,,,,,,,12.79,12.71,2.2,,,,,
G06009900032022,,,12.81,,13.18,12.75,,,,,,,,,,,,,,,,,,,1.9,,,,,,,,,,,,,,,,,,,1.55,,,,,,,,,,,,,,,,,,,,,,1.73,1.69,,,,,,,12.5,12.43,3.29,,,,,
G06009900032023,,,14.31,,14.69,,,,,,,,,,,,,,,,,,,,1.36,,,,,,,,,,,,,,,,,,,1.12,,,,,,,,,,,,,,,,,,,,,,1.6,1.52,,17.53,,,,,14.01,13.93,3.41,,,,,
G06009900032024,,,12.65,,13.03,12.6,,,,,,,,,,,,,,,,,,,1.01,,,,,,,,,,,,,,,,,,,1.01,,,,,,,,,,,,,,,,,,,,,,0.39,0.35,,,,,,,12.35,12.27,1.89,,,,,
G06009900033001,,,,,,,,,,,,,,,,,,,,,,,,,10.79,,,,,,,,,,,,,,,,18.95,,17.13,11.63,,,,,20.55,,,,,,,,,,,,,,,,,11.49,11.56,,16.93,,,,,,,12.35,,,,18.89,
G06009900033002,,,25.7,,,,,,,,,,,,,,,,,,,,,,13.11,,,,,,,,,,,,,,,,24.21,,22.39,13.18,,,,,,,,,,,,,,,,,,,,,,13.71,13.66,,22.19,,,,,,25.31,15.22,,,,,
G06009900033003,,,,,,,,,,,,,,,,,,,,,,,,,3.28,17.43,17.45,,,,,,,,,,,,,,,,17.65,4.12,,,,,,,,,,,,,,,,,,,,,,3.98,4.04,,17.46,,,,,,,3.5,,,,19.42,
G06009900033004,,,11.87,,12.24,11.82,,,,,,,,,,,,,,,,,,,5.08,,,,,,,,,,,,,,,,,,,5.02,,,,,,,,,,,,,,,,,,,,,,4.29,4.32,,,,,,,11.57,11.49,2.5,,,,,
G06009900034001,,,13.47,13.76,13.66,13.32,,,,,,,,,,,,,,,,,,,21.16,,,,,,,,,,,,,,,,,,,20.83,,,,,,,,,,,,,,,,,,,,,,20.36,20.39,,,,,,,13.49,13.57,,,,,,
G06009900034002,,,4.05,4.52,4.42,3.99,,,,,,,,,,,,,,,,,,,,,,,,,,,,,,,,,,,,,,12.93,,,,,,,,,,,,,,,,,,,,,,12.2,12.22,,,,,,,3.74,3.67,11.36,,,,,
G06009900035001,,,1.61,1.64,1.72,1.47,,,,,,,,,,,,,,,,,,,,,,,,,,,,,,,,,,,,,,13.22,,,,,,,,,,,,,,,,,,,,,,12.49,12.52,,,,,,,1.3,1.23,13.75,,,,,
G06009900035002,,,1.32,1.79,1.69,1.3,,,,,,,,,,,,,,,,,,,,,,,,,,,,,,,,,,,,,,13.46,,,,,,,,,,,,,,,,,,,,,,12.72,12.75,,,,,,,1.02,0.94,13.98,,,,,
G06009900035003,,,0.66,0.67,0.0,0.47,,,,,,,,,,,,,,,,,,,,,,,,,,,,,,,,,,,,,,13.87,,,,,,,,,,,,,,,,,,,,,,13.14,13.17,,,,,,,0.67,0.75,14.4,,,,,
G06009900035004,,,1.72,1.0,1.64,1.53,,,,,,,,,,,,,,,,,,,,,,,,,,,,,,,,,,,,,,14.93,,,,,,,,,,,,,,,,,,,,,,14.2,14.22,,,,,,,1.73,1.81,15.45,,,,,
G06009900036031,,,,,,,,,,,,,8.59,6.66,8.24,,,,,,,,,,,7.64,7.2,,,,,,,,,,,,,,,6.0,,,,,,,,,,,,,,,,,,,,,6.86,6.86,,,,,,8.48,8.75,,,,,,,,,,
G06009900036032,10.6,10.6,11.44,,,,,,,,,,,10.69,12.27,,,,,,,,,,,,,,,,,,,,,,,,,,,8.52,,,,,,,,,,,,,,,,,,,,,10.84,10.84,,,,,,,,,,11.13,11.05,,,,,,
G06009900036033,,,,,,,,,,,,,1.95,1.73,1.6,,,,,,2.7,,2.15,,,,,,,,,,,,,,,,,2.44,,,,,,,,,,,2.04,,,2.52,,,,,,,,,,,,,,,,3.72,3.99,,,,,,,,,,
G06009900036034,,,,,,,,,,,,,5.74,5.1,5.05,,,,,,,,,,,5.12,4.68,6.29,6.02,,,,,,,,,,,,,,,,,,,,,7.22,,,,,,,,,,,,,,,,,,,,4.98,5.24,,,,,,,,,,
G06009900036041,,,,,,,,,,,2.97,4.47,,,,,3.43,,,3.45,,3.92,,,,,,,,,4.72,,2.39,,,,,,,,,,,,,,,,,,,1.5,1.44,,,,,,,,,,,,,,,,,,,,4.02,,,,,,,,
G06009900036042,,,,,,,,,,,3.11,3.75,,,,,2.73,,,3.49,,3.25,,,,,,,,,4.05,,1.45,,,,,,,,,,,,,,,,,,,0.76,0.7,,,,,,,,,,,,,,,,,,,,3.34,,,,,,,,
G06009900036043,,,,,,,,,,,1.38,2.88,,,,,1.84,,,1.86,,2.34,,,,,,,,,3.14,,1.49,,,,,,,,,,,,,,,,,,,1.58,1.52,,,,,,,,,,,,,,,,,,,,2.43,,,,,,,,
G06009900036044,,,,,,,,,,,6.13,6.3,,,,,5.32,,,,,5.84,,,,,,,,,6.64,,4.04,,,,,,,,,,,,,,,,,,,3.78,3.72,,,,,,,,,,,,7.55,,,,,,,,5.93,,,,,,,,
G06009900036045,,,,,,,,,,,2.92,1.83,,,,,1.63,,,,,1.77,,,,,,,,,2.17,,0.55,,,,,,,,,,,,,,,,,,,1.41,1.47,,,,,,,,,,,,3.08,,,,,,,,1.58,,,,,,,,
G06009900036051,,,,,,,,,,,0.64,,,,,,0.93,,,0.97,1.44,0.75,1.69,,,,,,,,1.55,,,,,,,,,1.48,,,,,,,,,,,1.45,,,,,,,,,,,,,,,,,,,,,,0.85,,,,,,,,
G06009900036052,,,,,,,,,,,,,0.24,2.08,0.76,,,,,1.63,1.22,,0.67,,,,,,,,2.64,,,,,,,,,0.96,,,,,,,,,,,1.2,,,1.04,,,,,,,,,,,,,,,,,,,,,,,,,,,
G06009900036053,,,,,,,,,,,1.62,,1.09,,,,,,,1.23,1.06,2.12,0.81,,,,,,,,2.14,,,,,,,,,0.8,,,,,,,,,,,0.68,,,1.04,,,,,,,,,,,,,,,,,,,,,,,,,,,
G06009900036061,,,,,,,,,,,1.89,,0.31,2.62,1.07,,,,,1.45,0.92,,0.54,,,,,,,,,,,,,,,,,1.04,,,,,,,,,,,1.45,,,0.69,,,,,,,,,,,,,,,,,,,,,,,,,,,
G06009900036062,,,,,,,,,,,0.16,,,,,,1.5,,,0.74,1.09,1.37,1.49,,,,,,,,,,,,,,,,,1.4,,,,,,,,,,,2.05,,,1.55,,,,,,,,,,,,,,,,,,,1.46,,,,,,,,
G06009900037001,1.55,1.55,,,,,,,,,,2.37,,,,1.62,,1.62,1.49,,,,,,,,,,,,,,,,,,,,,,,2.07,,,,,,,,,,,,,,,,,,,,,1.69,1.69,1.24,,,,,,,,,,,,,,,,
G06009900037002,2.58,2.58,,,,,,,,,,,,3.16,,3.06,,3.06,2.94,,,,,,,,,,,,,,,,,,,,,,,1.5,,,,,,,,,,,,,,,,,,,,,2.82,2.82,2.92,,,,,,,,,,,,,,,,
G06009900037003,4.22,4.22,,,,,,,,,,,,4.8,,4.7,,4.7,4.59,,,,,,,,,,,,,,,,,,,,,,,2.14,,,,,,,,,,,,,,,,,,,,,4.46,4.46,4.56,,,,,,,,,,,,,,,,
G06009900038021,0.64,0.64,,,,,,,,,,1.6,,,,0.41,,0.41,0.42,,,,,,,,,,,,1.65,,,,,,,,,,,,,,,,,,,,,,,,,,,,,,,,0.22,0.22,0.99,,,,,,,,,,,,,,,,
G06009900038022,0.88,0.88,,,,,,,,,,,,,,0.96,,0.96,0.83,,,,,,,,,,,,2.19,,,,,,,,,,,1.9,,,,,,,,,,,,,,,,,,,,,0.63,0.63,1.41,,,,,,,,,,,,,,,,
G06009900038023,0.75,0.75,,,,,,,,,,,,,,1.32,,1.32,1.18,,,,,,,,,,,,2.56,,,,,,,,,,,1.8,,,,,,,,,,,,,,,,,,,,,0.99,0.99,1.39,,,,,,,,,,,,,,,,
G06009900038024,0.41,0.41,,,,,,,,,,,,,,0.66,,0.66,0.53,,,,,,,,,,,,2.04,,,,,,,,,,,2.18,,,,,,,,,,,,,,,,,,,,,0.33,0.33,1.06,,,,,,,,,,,,,,,,
G06009900038031,0.73,0.73,,,,,,,,,,1.79,,,,0.81,,0.81,0.68,,,,,,,,,,,,,,,,,,,,,,,1.99,,,,,,,,,,,,,,,,,,,,,0.87,0.87,0.43,,,,,,,,,,,,,,,,
G06009900038032,0.71,0.71,,,,,,,,,,1.52,,,,0.79,,0.79,0.65,,,,,,,,,,,,2.03,,,,,,,,,,,,,,,,,,,,,,,,,,,,,,,,0.85,0.85,0.16,,,,,,,,,,,,,,,,
G06009900038041,1.31,1.31,,,,,,,,,,,,,,0.75,,0.75,0.88,,,1.96,,,,,,,,,1.06,,,,,,,,,,,,,,,,,,,,,,,,,,,,,,,,0.89,0.89,1.24,,,,,,,,,,,,,,,,
G06009900038042,1.81,1.81,,,,,,,,,,,,2.25,,1.58,,1.58,1.58,,,,,,,,,,,,2.44,,,,,,,,,,,,,,,,,,,,2.77,,,,,,,,,,,,1.38,1.38,,,,,,,,,,,,,,,,,
G06009900038043,,2.28,,,,,,,,,,,2.24,1.53,,1.87,,1.87,2.01,,,,,,,,,,,,1.71,,,,,,,,,,,,,,,,,,,,2.03,,,,,,,,,,,,1.86,1.86,,,,,,,,,,,,,,,,,
G06009900038044,1.36,1.36,,,,,,,,,,,,,,0.87,,0.87,1.0,,,,,,,,,,,,1.51,,,,,,,,,,,,,,,,,,,,2.08,,,,,,,,,,,,0.93,0.93,1.49,,,,,,,,,,,,,,,,
G06009900038051,,,,,,,,,,,,,1.7,1.52,1.35,,,,,2.86,2.44,,1.9,,,,,,,,2.61,,,,,,,,,2.19,,,,,,,,,,,1.79,,,2.27,,,,,,,,,,,,,,,,,,,,,,,,,,,
G06009900039041,1.22,1.22,,,,,,,,,,0.58,,,,0.83,,0.83,0.88,,,,,,,,,,,,1.45,,,,,,,,,,,,,,,,,,,,,,,,,,,,,,,,1.07,1.07,0.79,,,,,,,,,,,,,,,,
G06009900039042,1.12,1.12,,,,,,,,,,0.94,,,,0.55,,0.55,0.69,,,,,,,,,,,,1.0,,,,,,,,,,,,,,,,,,,,,,,,,,,,,,,,0.88,0.88,1.04,,,,,,,,,,,,,,,,
G06009900039043,1.06,1.06,,,,,,,,,,1.16,,,,0.83,,0.83,0.84,,,,,,,,,,,,1.84,,,,,,,,,,,,,,,,,,,,,,,,,,,,,,,,1.04,1.04,0.2,,,,,,,,,,,,,,,,
G06009900039044,1.93,1.93,,,,,,,,,,1.49,,,,1.67,,1.67,1.68,,,,,,,,,,,,,,,,,,,,,,,,,,,,,,,,,,,,,,,,,,,,1.88,1.88,1.07,,,,,,,,2.67,,,,,,,,
G06009900039051,,,,,,,,,,,,0.79,,,,,1.74,1.84,,,,1.88,,,,,,,,,1.89,,1.65,,,,,,,,,,,,,,,,,,,2.51,2.57,,,,,,,,,,,,2.03,,,,,,,,1.68,,,,,,,,
G06009900039052,,,,,,,,,,,,0.37,,,,1.42,1.33,1.42,1.51,,,1.46,,,,,,,,,1.47,,2.07,,,,,,,,,,,,,,,,,,,,,,,,,,,,,,,,1.61,,,,,,,,1.26,,,,,,,,
G06009900039053,,,,,,,,,,,,0.81,,,,1.69,2.15,1.69,1.7,,,2.22,,,,,,,,,2.22,,2.3,,,,,,,,,,,,,,,,,,,,,,,,,,,,,,,,1.54,,,,,,,,2.03,,,,,,,,
G06009900039054,,,,,,,,,,,,0.42,,,,1.37,,1.37,1.45,,,1.83,,,,,,,,,1.83,,,,,,,,,,,,,,,,,,,,,,,,,,,,,,,,1.65,1.65,1.52,,,,,,,,1.64,,,,,,,,
G06009900039061,,,,,,,,,,,,1.26,,,,1.39,1.37,1.39,1.53,,,0.82,,,,,,,,,0.33,,,,,,,,,,,,,,,,,,,,1.74,,,,,,,,,,,,,1.72,,,,,,,,,0.62,,,,,,,,
G06009900039062,,,,,,,,,,,,1.02,,,,1.07,1.6,1.07,1.21,,,1.05,,,,,,,,,0.79,,,,,,,,,,,,,,,,,,,,,,,,,,,,,,,,,1.4,1.42,,,,,,,,0.85,,,,,,,,
G06009900039063,,1.56,,,,,,,,,,1.32,,,,0.99,,0.99,1.12,,,1.49,,,,,,,,,0.71,,,,,,,,,,,,,,,,,,,,,,,,,,,,,,,,1.32,1.32,,,,,,,,,1.29,,,,,,,,
G06009900039071,,,,,,,,,,,1.51,1.3,,,,,0.22,,,1.89,,0.74,,,,,,,,,1.54,,1.14,,,,,,,,,,,,,,,,,,,2.0,2.06,,,,,,,,,,,,,,,,,,,,0.83,,,,,,,,
G06009900039072,,,,,,,,,,,1.26,1.92,,,,,0.66,,,1.28,1.76,0.43,,,,,,,,,1.23,,,,,,,,,1.78,,,,,,,,,,,1.09,,,,,,,,,,,,,,,,,,,,,,0.53,,,,,,,,
G06009900039073,,,,,,,,,,,1.7,1.58,,,,1.8,1.06,1.8,,1.63,,0.5,,,,,,,,,0.4,,,,,,,,,,,,,,,,,,,,1.42,,,,,,,,,,,,,,,,,,,,,,0.31,,,,,,,,
G06009900039074,,,,,,,,,,,2.09,0.72,,,,1.77,0.8,1.77,,,,0.93,,,,,,,,,1.33,,1.73,,,,,,,,,,,,,,,,,,,,,,,,,,,,,,,,1.96,,,,,,,,0.73,,,,,,,,
G06009900039081,,2.03,,,,,,,,,,,,,,1.46,,1.46,1.6,,,1.67,,,,,,,,,0.78,,,,,,,,,,,,,,,,,,,,1.4,,,,,,,,,,,,1.7,1.7,,,,,,,,,1.48,,,,,,,,
G06009900039082,,,,,,,,,,,,,,,,1.51,,1.51,1.65,,,1.5,,,,,,,,,0.61,,,,,,,,,1.83,,,,,,,,,,,0.93,,,,,,,,,,,,1.74,1.74,,,,,,,,,1.3,,,,,,,,
G06009900039091,,,,,,,,,,,,,1.73,2.51,,,,,,2.01,1.71,1.4,1.46,,,,,,,,0.99,,,,,,,,,1.45,,,,,,,,,,,0.83,,,,,,,,,,,,,,,,,,,,,,1.21,,,,,,,,
G06009900039092,,,,,,,,,,,,,1.1,1.98,1.39,,,,,2.06,1.65,,1.1,,,,,,,,1.92,,,,,,,,,1.39,,,,,,,,,,,0.99,,,1.47,,,,,,,,,,,,,,,,,,,,,,,,,,,
G06009900039093,,,,,,,,,,,2.22,,1.38,,,,,,,1.77,1.35,1.83,1.11,,,,,,,,1.67,,,,,,,,,1.09,,,,,,,,,,,0.66,,,1.33,,,,,,,,,,,,,,,,,,,,,,,,,,,
G06009900039094,,,,,,,,,,,1.67,,1.73,,,,,,,1.3,1.7,1.12,1.46,,,,,,,,1.05,,,,,,,,,1.45,,,,,,,,,,,0.53,,,,,,,,,,,,,,,,,,,,,,1.13,,,,,,,,
G06009900040001,,,,,,,,,,,,,,,,,,,,,,,,,,,,,,,,,,,,,,,,,6.24,,5.76,,,7.44,7.44,7.34,6.18,,,,,,,,,,,,6.54,5.86,,,,,,,5.59,,,,,,,,,,,5.63,
G06009900040002,,,,,,,,,,,,,,,,,,,,,,,,,,,,,,,,,,,,,,,,,8.9,,14.6,,14.7,12.75,12.75,12.85,12.6,,,,,,,,,,,,13.4,13.12,,,,,,,14.44,,,,,,,,,,,,
G06009900040003,,,,,,,,,,,,,,,,,,,,,,,,,,,,,,,,,,,,,,,,,8.17,,6.73,,,11.34,11.34,,10.08,,,,,,,,,,,,10.44,9.75,,,,,,,6.54,,,,,,,,,,,8.54,8.38
