,113406173,113550928,114502769,120650304,120650330,120650372,121005334,121005338,121005339,121005347,121005352,121005358,121005362,121005366,121005380,121005382,121005384,121005399,121005402,121005404,121005405,121005406,122886952,128005662,129733686,130352348,138215793,138216381,138216583,138216823,138216833,138216970,138216973,138216986,138217085,173537097,187059221,220489384,234508984,238699452,260432255,260538161,260668462,264249981,28866829,298744116,301419892,310697721,312188094,312551925,312551926,314791976,314793936,315857516,32994011,37224511,37320229,376134713,376284896,376426054,376426058,376426064,376426066,376426068,376426069,376426070,376426071,455437609,477043265,477154494,48153853,49362633,50265708,505429855,507682142,51128979,552648283,575147097,575149889,625501148,646779006,646779017,654305208,654305212,658562260,663084107,724585826,724585834,742675124,768691494,815666713,823296220,829066752,829069484,85603662,85685912,857604641,857604642,86094056,86368800,865716282,865744800,901750809,94810572,961788950,961824581,961824582,961824583,961824584,966673227,99274115,99285082
G06006100201041,,,,,,,,,,,,,,,,,,,,,,,,,,,,,,,,,,,,57.49,9.67,,5.16,,,,,,,7.87,,,,,,,,,,,,,,,,,,,,,,,,,,,,,1.47,,,,,,,,67.66,67.24,,,0.74,1.07,,,,,,,,,,,,,,,,,,,,,,4.76,,
G06006100201042,,,,,,,,,,,,,,,,,,,,,,,,,,,,,,,,,,,,56.47,25.1,,22.48,,,,,,,9.59,,,,,,,,,,,,,,,,,,,,,,,,,,,,,17.38,,,,,,,,66.64,,,,16.81,16.49,,,29.49,,,,,,,,,,,,,,,,,,,13.82,,
G06006100201043,,,,,,,,,,,,,,,,,,,,,,,,,,,,,,,,,,,,58.71,10.89,,6.38,,,,,,,6.91,,,,,,,,,,,,,,,,,,,,,,,,,,,,,1.29,,,,,,,,68.89,,,,0.72,0.39,,,31.73,,,,,,,,,,,,,,,,,,,3.8,,
G06006100201051,,,,,,,,,,,,,,,,,,,,,,,,,,,,,,,,,,,,58.1,14.66,,10.15,,,,,,,3.24,,,,,,,,,,,,,,,,,,,,,,,,,,,,,5.05,,,,,,,,68.27,,,,4.48,4.15,,,31.12,,,,,,,,,,,,,,,,,,,1.35,,
G06006100201052,,,,,,,,,,,,,,,,,,,,,,,,,,,,,,,,,,,,59.38,14.58,,10.07,,,,,,,4.52,,,,,,,,,,,,,,,,,,,,,,,,,,,,,4.97,,,,,,,,69.55,,,,4.4,4.08,,,32.4,,,,,,,,,,,,,,,,,,,0.15,,
G06006100201061,,,,,,,,,,,,,,,,,,,,,,,,,,,,,,,,,,,,57.34,16.08,,11.58,,,,,,,2.48,,,,,,,,,,,,,,,,,,,,,,,,,,,,,6.48,,,,,,,,67.52,,,,5.91,5.58,,,30.36,,,,,,,,,,,,,,,,,,,2.91,,
G06006100201062,,,,,,,,,,,,,,,,,,,,,,,,,,,,,,,,,,,,54.88,18.84,,14.33,,,,,,,1.44,,,,,,,,,,,,,,,,,,,,,,,,,,,,,9.23,,,,,,,,65.06,,,,8.66,8.34,,,27.9,,,,,,,,,,,,,,,,,,,5.67,,
G06006100201071,,,,,,,,,,,,,,,,,,,,,,,,,,,,,,,,,,,,56.16,18.7,,14.19,,,,,,,1.16,,,,,,,,,,,,,,,,,,,,,,,,,,,,,9.09,,,,,,,,66.33,,,,8.52,8.19,,,29.18,,,,,,,,,,,,,,,,,,,5.52,,
G06006100201072,,,,,,,,,,,,,,,,,,,,,,,,,,,,,,,,,,,,55.12,17.66,,13.16,,,,,,,0.12,,,,,,,,,,,,,,,,,,,,,,,,,,,,,8.06,,,,,,,,65.29,,,,7.49,7.16,,,28.14,,,,,,,,,,,,,,,,,,,4.49,,
G06006100201073,,,,,,,,,,,,,,,,,,,,,,,,,,,,,,,,,,,,55.58,17.53,,13.03,,,,,,,0.58,,,,,,,,,,,,,,,,,,,,,,,,,,,,,7.93,,,,,,,,65.75,,,,7.36,7.03,,,28.6,,,,,,,,,,,,,,,,,,,4.36,,
G06006100202001,,,,,,,,,,,,,,,,,,,,,,,,,,,,,,,,,,,,,,,,,,,,,,,,,,,,,,,,,,,17.8,17.85,17.89,,,17.89,17.89,,,,,,,,,,,,,17.05,15.95,,8.32,8.18,,,,,,,,,,,16.14,,,,,,,,,,,,,,,,,,,
G06006100202002,,,,,,,,,,,,,,,,,,,,,,,,,,,,,,,,,,,,,,,,,,,,,,,,,,,,,,,,,,,20.23,20.29,20.32,,,20.32,20.32,,,,,,,,,,,,,19.48,18.39,,4.11,3.96,,,,,,,,,,,18.58,,,,,,,,,,,,,,,,,,,
G06006100202003,,,,,,,,,,,,,,,,,,,,,,,,,,,,,,,,,,,,50.84,62.45,,67.85,,,,,,,,,,,,,,,,,,,,,,,,,,,,,,,,,,,,68.11,,,,,,28.2,28.06,44.34,43.92,,,67.37,67.7,,,,,,,,,,,,,,,,,,,,,,,,
G06006100202004,,,,,,,,,,,,,,,,,,,,,,,,,,,,,,,,,,,,,,,,,,,,,,,,,,,,,,,,,,,22.38,22.44,22.48,,,,,,,,,,,,,,,,,20.87,19.78,,0.73,0.58,15.9,15.47,,,,,,,,,19.96,,,,,,,,,,,,,,,,,,,
G06006100203001,,,,,,,,,,,,,,,,,,,,,,,,,2.13,,,,,,,,,,,,,,,,,,,,,,,,,,,,,1.36,,,,1.67,,,,,,,,,,,,,,,,,,,,,,,,,,,,2.64,,,,,,,,2.96,,,,,,,,,,,0.78,1.22,1.22,1.32,1.06,,,
G06006100203002,,,,,,,,,,,,,,,,,,,,,,,,,1.94,,,,,,,,,,,,,,,,,,,,,,,,,,,,,1.87,,,,0.85,,,,,,,,,,,,,,,,,,,,,,,,,,,,3.24,,,,,,,,2.7,,,,,,,,,,,1.76,1.8,1.8,1.9,1.64,,,
G06006100203003,,,,,,,,,,,,,,,,,,,,,,,,,0.47,,,,,,,,,,,,,,,,,,,,,,,,,,,,,1.59,,,,1.29,,,,,,,,,,,,,,,,,,,,,,,,,,,,,,,,,,,,1.63,,,,,3.06,,,,,,1.23,1.26,1.26,1.36,1.11,,,
G06006100204011,,,,,,,,,,,,,,,,,,,,,,,,,2.41,,,,,,,,,,,,,,,,,,,,,,,,,,,,,0.59,,,,1.49,,,,,,,,,,,,,,,,,,,,,,,,,,,,1.35,,,,,,,,,1.43,,,,,,,,,,1.33,1.6,1.6,1.7,1.44,,,
G06006100204012,,,,,,,,,,,,,,,,,,,,,,,,,1.45,,,,,,,,,,,,,,,,,,,,,,,,,,,,,0.43,,,,0.84,,,,,,,,,,,,,,,,,,,,,,,,,,,,1.83,,,,,,,,,1.91,,,,,,,,,,0.6,0.64,0.64,0.0,0.48,,,
G06006100204021,,,,,,,,,,,,,,,,,,,,,,,,,3.71,,,,,,,,,,,,,,,,,,,,,,,,,,,,,2.07,,,,2.96,,,,,,,,,,,,,,,,,,,,,,,,,,,,1.92,,,,,,,,,2.0,,,,,,,,,,2.45,2.9,2.9,3.0,2.74,,,
G06006100204022,,,,,,,,,,,,,,,,,,,,,,,,,2.78,,,,,,,,,,,,,,,,,,,,,,,,,,,,,1.05,,,,1.94,,,,,,,,,,,,,,,,,,,,,,,,,,,,0.62,,,,,,,,,0.53,,,,,,,,,,1.62,1.97,1.97,2.07,1.81,,,
G06006100205011,,,,,,,,,,,,,,,,,,,,,,,,,5.87,,,,,,,,,,,,,,,,,,,,,,,,,,,,,4.15,,,,4.96,,,,,,,,,,,,,,,,,,,,,,,,,,,,5.47,,,,,,,,,5.55,,,,,,,,,,4.85,5.05,5.05,5.15,4.89,,,
G06006100205012,,,,,,,,,,,,,,,,,,,,,,,,,,,,,,,,,,,,,,,,,,,,,4.19,,,,,,,,,4.37,,,,,,,,,,,,,,,,,,,,,,,,,,,,,,,3.42,4.89,,,,,,,,,4.28,,,,,,,,,,5.07,5.27,5.27,5.37,5.11,,,
G06006100205013,,,,,,,,,,,,,,,,,,,,,,,,,,,,,,,,,,,,,,,,,,,,,,,,,,,,,,5.62,,,,6.43,,,,,,,,,,,,,,,,,,,,,,,,,,,6.21,6.94,,,,,,,,,6.37,,,,,,,,,,6.32,6.52,6.52,6.62,6.36,,,
G06006100205021,,,,,,,,,,,,,,,,,,,,,,,,,,,,,,,,,,,,,,,,,,,,,7.98,,,,,,,,,3.12,,,,,,,,,,,,,,,,,,,,,,,,,,,,,,,7.26,2.37,,,,,,,,,1.86,,,,,,,,,,3.69,4.04,4.04,4.14,3.88,,,
G06006100205022,,,,,,,,,,,,,,,,,,,,,,,,,,,,,,,,,,,,,,,,,,,,,6.03,,,,,,,,,5.36,,,,,,,,,,,,,,,,,,,,,,,,,,,,,,,5.32,4.97,,,,,,,,,4.36,,,,,,,6.85,,,,6.28,6.28,6.38,6.12,,,
G06006100205023,,,,,,,,,,,,,,,,,,,,,,,,,,,,,,,,,,,,,,,,,,,,,,,,,,,,,,3.22,,,,4.12,,,,,,,,,,,,,,,,,,,,,,,,,,,4.76,2.83,,,,,,,,,2.22,,,,,,,,,,3.79,4.14,4.14,4.24,3.98,,,
G06006100206011,,,,,,,,,4.98,,,,,4.36,,,,,,,5.67,,,,,,,,,,,,,,,,,,,,,,,3.35,,,,,,,,,,,5.2,,,,,,,,,,,,,,4.29,,,,,,,,,,,,,,,,,,,,,,,3.52,,,,,3.18,3.18,,,,,1.3,,,,,,,,,
G06006100206012,,,,,,,,,,,,,,,,,,,,,,9.63,,,,,,,,,,,,,,,,,,,,,,,,,11.03,10.83,11.31,,,,,,8.28,,,,,,,,,,,,,,7.36,,,9.96,,11.3,,,,,,,,,,,,,,,,,,6.57,,,,,,,,,,,4.61,,,,,,,,,
G06006100206013,,,,,,,,,,,,,,4.98,,,,,,,,6.23,,,,,,,,,,,,,,,,,,,,,,4.06,,,,,,,,,,,4.87,,,,,,,,,,,,,,3.96,,,4.7,,,,,,,,,,,,,,,,,,,,0.9,,,,,4.62,4.62,,,,,1.8,,,,,,,,,
G06006100206021,,,,,,,,,,,,,,,,,,,,,,,,,,,,,,,,,,,,,,,,,,,,,3.45,,6.15,,7.12,,,,,,,9.9,,,,,,,,,,,,,,,,,,6.67,,,,,,,,,,,2.74,6.2,,,6.5,,,,,,5.59,,,,,,,4.27,,,,,,,,,,
G06006100206022,,,,,,,,,,,,,,,,,,,,,,,,,,,,,,,,,,,,,,,,,,,,,4.77,,4.77,,5.98,5.89,5.98,,,,,,,,,,,,,,,,,,,,,5.78,,5.28,,,,,,,,,,,5.55,,,,6.18,,,,,,,,,,,,,3.66,,,,,,,,,,
G06006100206023,,,,,,,,,,,,,,,,,,,,,,,,,,,,,,,,,,,,,,,,,,,,,4.73,,4.73,6.21,5.95,5.85,5.95,,,,,,,,,,,,,,,,,,,,,5.7,,5.25,,,,,,,,,,,,,,,6.15,,,,,,,,,,,,,3.63,,,,,,,,,,
G06006100206024,,,,,,,,,,,,,,,,,,,,,,5.87,,,,,,,,,,,,,,,,,,,,,,,,,4.44,4.24,4.72,4.87,4.5,4.91,,,,,,,,,,,,,,,,,,,,3.37,,4.71,,,,,,,,,,,,,,,,,,2.7,,,,,,,,,,,,,,,,,,,,
G06006100206025,,,,,,,,,,,,,,,,,,,,,,,,,,,,,,,,,,,,,,,,,,,,,,,3.06,4.52,4.28,4.18,4.28,4.74,,,,,,,,,,,,,,,,,,,,3.65,,3.58,,,,,,,,,,,,,,,4.6,,,,,,,,,,,,,2.08,,,,,,,,,,
G06006100206041,,,,,,,,,,,,,,3.22,,,,,,,4.36,3.86,,,,,,,,,,,,,,,,,,,,,,3.29,,,,,,,,,,,2.5,,,,,,,,,,,,,,2.32,,,,,,,,,,,,,,,,,,,,,,,2.49,,,,,4.42,4.42,,,,,4.38,,,,,,,,,
G06006100206042,,,,,,,,,3.12,,,,,2.29,,,,,,,3.43,3.36,,,,,,,,,,,,,,,,,,,,,,1.77,,,,,,,,,,,2.0,,,,,,,,,,,,,,0.73,,,,,,,,,,,,,,,,,,,,,,,,,,,,2.9,2.9,,,,,2.83,,,,,,,,,
G06006100206043,,,,,,,,,,,,,,4.94,,,,,,,,5.71,,,,,,,,,,,,,,,,,,,,,,4.03,,,,,,,,,,,4.35,,,,,,,,,,,,,,3.48,,,3.86,,,,,,,,,,,,,,,,,,,,0.75,,,,,4.58,4.58,,,,,2.55,,,,,,,,,
G06006100206044,,,,,,,,,4.54,,,,,3.7,,,,,,,,4.49,,,,,,,,,,,,,,,,,,,,,,2.84,,,,,,,,,,,3.14,,,,,,,,,,,,,,1.87,,,,,,,,,,,,,,,,,,,,,,,2.58,,,,,3.39,3.39,,,,,2.24,,,,,,,,,
G06006100206051,,,,,,,,,2.56,,,,,1.73,,,,,,,3.04,,,,,,,,,,,,,,3.32,,,,,,,,,0.71,,,,,,,,,,,2.61,,,,,,,,,,,,,,2.4,,,,,,,,,,,,,,,,,,,,,,,,,,,,1.84,1.84,,,,,2.17,,,,,,,,,
G06006100206052,,,,,,,,,3.69,,,,,3.36,,,,,,,4.51,,,,,,,,,,,,,,,,,,,,,,,2.34,,,,,,,,,,,4.24,,,,,,,,,,,,,,3.33,,,,,,,,,,,,,,,,,,,,,,,4.18,,,,,1.89,1.89,,,,,2.3,,,,,,,,,
G06006100206053,,,,,,,,,2.39,,,,,1.55,,,,,,,2.86,,,,,,,,,,,,,,3.14,,,,,,,,,0.53,,,,,,,,,,,2.43,,,,,,,,,,,,,,2.23,,,,,,,,,,,,,,,,,,,,,,,,,,,,1.66,1.66,,,,,2.82,,,,,,,,,
G06006100206061,,,,,,4.51,,,3.12,,,,,3.03,,,4.23,,,,3.94,,,,,,,,,,,,,,4.31,,,,,,,,,2.02,,,,,,,,,,,,,,,,,,,,,,,,,,,,,,,,,,,,,,,,,,,,,,,,,,,,,1.43,1.43,,,,,3.3,,,,,,,,,
G06006100206062,,,,,,3.12,,3.71,1.95,,,,,1.86,,,2.83,,,,2.77,,,,,,,,,,,,,,3.14,,,,,,,,,1.35,,,,,,,,,,,,,,,,,,,,,,,,,,,,,,,,,,,,,,,,,,,,,,,,,,,,,1.55,1.55,,,,,,,,,,,,,,
G06006100206063,,,,,,3.02,,,1.64,,,,,1.55,,,2.74,,,,2.46,,,,,,,,,,,,,,2.83,,,,,,,,,1.04,,,,,,,,,,,,,,,,,,,,,,,,,2.59,,,,,,,,,,,,,,,,,,,,,,,,,,,,1.23,1.23,,,,,,,,,,,,,,
G06006100207101,,,,,,2.11,,2.91,1.27,,,,,1.88,,,1.83,,,,2.31,,,,,,,,,,,,,,2.4,,,,,,,,,2.16,,,,,,,,,,,,,,,,,,,,,,,,,,,,,,,,,,,,,,,,,,,,,,,,,,,,,2.35,2.35,,,,,,,,,,,,,,
G06006100207102,,,,,,1.68,,1.72,0.31,,,,,0.59,,,1.46,,,,0.78,,,,,,,,,,,,,,1.16,,,,,,,,,1.53,,,,,,,,,,,,,,,,,,,,,,,,,,,,,,,,,,,,,,,,,,,,,,,,,,,,,2.25,2.25,,,,,,,,,,,,,,
G06006100207103,,,,,,1.04,,1.65,0.77,,,,,1.3,,,0.76,,,,1.27,,,,,,,,,,,,,,1.08,,,,,,,,,2.21,,,,,,,,,,,,,,,,,,,,,,,,,,,,,,,,,,,,,,,,,,,,,,,,,,,,,2.56,2.56,,,,,,,,,,,,,,
G06006100207111,,,,,2.52,1.42,,1.07,1.22,,,,,1.5,,,1.6,,,,0.13,,2.4,,,,,,,,,,,,0.5,,,,,,,,,,,,,,,,,,,,2.09,,,,,,,,,,,,,,,,,,,,,,,,,,,,,,,,,,,,,,,,,,,,,,,,,,,,,,,,,
G06006100207112,,,,,,,,2.12,1.05,,,,,0.47,,,,,,,1.52,,,,,,,,,,,,,,1.71,,,,,,,,,1.41,,,,,,,,,,,0.89,,,,,,,,,,,,,,1.99,,,,,,,,,,,,,,,,,,,,,,,,,,,,2.36,2.36,,,,,,,,,,,,,,
G06006100207113,,,,,,2.69,,2.44,1.32,,,,,0.75,,,,,,,1.8,,,,,,,,,,,,,,2.03,,,,,,,,,1.69,,,,,,,,,,,1.21,,,,,,,,,,,,,,2.31,,,,,,,,,,,,,,,,,,,,,,,,,,,,2.63,,,,,,,,,,,,,,,
G06006100207121,1.8,,,,1.6,1.61,,0.62,,,,,,,,,,1.71,,,0.98,,1.48,,,,1.97,,2.03,,,,,,0.81,,,,,,,,,,,,,,,,,,,,,,,,,,,,,,,,,,,,,,,,,,,,,,,,,,,,,,,,,,,,,,,,,,,,,,,,,,,,,
G06006100207122,2.14,,,,1.94,1.16,,0.43,,,,,,,,,,2.04,,,1.38,,1.82,,,,,,,2.36,,,,,1.1,,,,,,,,,,,,,,,,,,,,,,,,,,,,,,,,,,,,,,,,,,,,,,,,,,,,,,,,,,,,,,,,,,,,,,,,,,,,,2.42
G06006100207123,2.11,,,,1.91,1.17,,0.17,1.84,,,,,,,,1.59,2.02,,,0.77,,1.79,,,,,,,,,,,,0.49,,,,,,,,,,,,,,,,,,,,,,,,,,,,,,,,,,,,,,,,,,,,,,,,,,,,,,,,,,,,,,,,,,,,,,,,,,,,,
G06006100207131,1.26,1.63,,,0.27,2.46,,1.7,,,,,,,,,,1.04,,,2.45,,1.23,,,,,,,,,,,,2.17,,,,,,,,,,,,,,,,,,,,,,,,,,,,,,,,,,,,,,,,,,,,,,,,,,,,,,,,,,,,,,,,,,,,,,,,,,,,,1.2
G06006100207132,,,,,2.57,0.47,,0.84,2.09,,,,,,,,1.17,2.54,,,1.65,,2.45,,,,,,,,,,,,1.46,,,,,,,,,,,,,,,,,,,,,,,,,,,,,,,,,,,,,,,,,,,,,,,,,,,,,,,,,,,,,,,,,,,,,,,,,,,,,2.58
G06006100207141,2.24,1.3,,,1.82,1.41,,1.95,,,,,,,,,2.23,1.75,,,2.71,,,,,,,,,,,,,,2.52,,,,,,,,,,,,,,,,,,,,,,,,,,,,,,,,,,,,,,,,,,,,,,,,,,,,,,,,,,,,,,,,,,,,,,,,,,,,,1.78
G06006100207142,,1.94,,,2.47,0.58,,1.12,2.33,,,,,,,,1.33,2.39,,,1.88,,,,,,,,,,,,,,1.69,,,,,,,,,,,,,,,,,,,,,,,,,,,,,,,,,,,,,,,,,,,,,,,,,,,,,,,,,,,,,,,,,,,,,,,,,,,,,2.43
G06006100207151,,2.36,,,2.88,0.53,,1.38,1.92,,,,,2.45,,,0.63,2.8,,,1.62,,,,,,,,,,,,,,1.43,,,,,,,,,,,,,,,,,,,,,,,,,,,,,,,,,,,,,,,,,,,,,,,,,,,,,,,,,,,,,,,,,,,,,,,,,,,,,
G06006100207152,,,,,3.49,0.99,,1.85,1.21,,,,,1.74,,,0.51,3.41,,,1.57,,,,,,,,,,,,,,1.38,,,,,,,,,2.65,,,,,,,,,,,,,,,,,,,,,,,,,,,,,,,,,,,,,,,,,,,,,,,,,,,,,,,,,,,,,,,,,,,,
G06006100207171,2.11,,,,,,,1.49,,,,,1.65,,,,,,,,1.6,2.11,1.65,,,,1.45,,1.58,,,,,,1.53,,,,,,,,,,,,,,,,,,,,1.99,,,,,,,,,,,,,,,,,,,,,,,,,,,,,,,,,,,,,,,,,,,,,,,,,,,,,,,,,
G06006100207172,,,,,,,,,,,,,4.15,2.06,,,,,,,2.97,1.92,4.08,,,,3.96,,4.09,,,,,,2.9,,,,,,,,,,,,,,,,,,,,1.07,,,,,,,,,,,,,,2.03,,,,,,,,,,,,,,,,,,,,,,,,,,,,,,,,,,,,,,,,,,,
G06006100208051,1.75,0.09,,,1.63,2.07,,2.6,,,,,,,,,2.89,1.42,,,,,,,,,,,,,,,,,3.17,,,,,,,,,,,,,,,,,,,,,,,,,,,,,,,,,,,,,,,,,,,,,,,,,,,,,,,,,,,,,,,,,,,,,,,,,,,,2.08,0.89
G06006100208052,1.21,1.26,,,0.58,2.25,,2.28,,,,,,,,,,0.66,,,,,1.74,,,,,,,1.68,,,,,2.76,,,,,,,,,,,,,,,,,,,,,,,,,,,,,,,,,,,,,,,,,,,,,,,,,,,,,,,,,,,,,,,,,,,,,,,,,,,,,0.82
G06006100208053,1.48,0.99,,,1.06,1.99,,2.52,,,,,,,,,,0.98,,,,,2.09,,,,,,,2.0,,,,,,,,,,,,,,,,,,,,,,,,,,,,,,,,,,,,,,,,,,,,,,,,,,,,,,,,,,,,,,,,,,,,,,,,,,,,,,,,,2.98,1.02
G06006100208061,0.72,,,,,,,,,,,1.38,1.14,,,,,,,,,,0.02,,,,0.94,,0.95,0.94,1.38,1.23,,,,,,,,,,,,,,,,,,,,,,,,,,,,,,,,,,,,,,,,,,,,,,,,,,,,,,,,,,1.37,,,,,,,,,,,,,,,,,,,,,,
G06006100208062,0.69,,,,0.43,,,1.42,,,,,,,,,,0.6,,,,,0.85,,,,1.26,,,1.07,,1.36,,,1.89,,,,,,,,,,,,,,,,,,,,,,,,,,,,,,,,,,,,,,,,,,,,,,,,,,,,,,,,,,,,,,,,,,,,,,,,,,,,,0.98
G06006100209011,0.31,,,,0.92,,,,,,,,,,,,,0.41,,,,,0.97,,,,1.07,,,0.88,1.32,1.17,,,,,,,,,,,,,,,,,,,,,,,,,,,,,,,,,,,,,,,,,,,,,,,,,,,,,,,,,,1.31,,,,,,,,,,,,,,,,,,,,,,0.55
G06006100209012,1.15,0.51,,,1.06,,,2.48,,,,,,,,,,0.82,,2.79,,,,,,,,,,1.68,,1.97,,,,,,,,,,,,,,,,,,,,,,,,,,,,,,,,,,,,,,,,,,,,,,,,,,,,,,,,,,,,,,,,,,,,,,,,,,,,,,,2.5,0.29
G06006100209081,2.49,2.04,,,3.34,,,,,,,,,,,1.77,,2.96,,1.69,,,,,,,,,,,,,1.38,,,,,,,,,,,,,,,,,,,,,,,,,,,,,,,,,,,,,,,,,,,,,,,,,,,,,,,,,,,,,,,,,,,,,,,1.36,,,,,,,0.78,2.84
G06006100209082,1.7,,,,,,,,,,,,,,,1.34,,,,0.75,,,,,,,,,,1.21,1.31,1.06,0.61,,,,,,,,,,,,,,,,,,,,,,,,,,,,,,,,,,,,,,,,,,,,,,,,,,,,,,,,,1.2,,,,,,,,,,,,,,1.08,,,,,,,0.57,
G06006100209083,1.3,,,,,,,,,,,,,,,,,1.76,,0.91,,,,,,,,,,0.82,0.91,0.67,1.07,,,,,,,,,,,,,,,,,,,,,,,,,,,,,,,,,,,,,,,,,,,,,,,,,,,,,,,,,0.81,,,,,,,,,,,,,,,,,,,,,1.04,2.03
G06006100209084,,,,1.87,,,,,,,,,,,,0.98,,,,0.91,,,,,,,,,,1.62,1.71,1.47,0.59,,,,,,,,,,,,,,,,,,,,,,,,,,,,,,,,,,,,,,,,,,,,,,,,,,,,,,,,,1.61,,,,,,,,,,,,,,0.58,,,,,,,0.0,
G06006100210031,,,,,,,0.33,,,,,0.75,0.45,,,,,,,,,,,,,,0.59,,0.45,0.46,0.75,0.68,,,,,,,,,,,,,,,,,,,,,,,,,,,,,,,,,,,,,,,,,,,,,1.36,,,,,,,,,,,,,0.79,,,,,,,,,,,,,,,,,,,,,,
G06006100210032,,,,,,,1.25,,,,,2.07,1.34,,,,,,,,,,,,,,1.51,,1.41,1.9,2.07,2.11,,,,,,,,,,,,,,,,,,,,,,,,,,,,,,,,,,,,,,,,,,,,,1.53,,,,,,,,,,,,,2.18,,,,,,,,,,,,,,,,,,,,,,
G06006100210033,,,,,,,1.05,,,,,1.98,1.14,,,,,,,,,,,,,,1.02,,1.15,1.69,1.98,1.91,,,,,,,,,,,,,,,,,,,,,,,,,,,,,,,,,,,,,,,,,,,,,2.59,,,,,,,,,,,,,2.03,,,,,,,,,,,,,,,,,,,,,,
G06006100210034,,,,,,,2.0,,,,,2.85,1.94,,,,,,,,,2.82,,,,,1.74,1.69,1.87,,,,,,,,,,,,,,,,,,,,,,,,1.84,,,,,,,,,,,,,,,,,,,,,,,1.8,3.46,,,,,,,,,,,,,,,,,,,,,,,,,,,,,,,,,,,
G06006100210035,,,,,,,1.68,,,,,2.62,1.77,,,,,,,,,,,,,,1.94,1.21,1.84,,2.62,2.54,,,,,,,,,,,,,,,,,,,,,,,,,,,,,,,,,,,,,,,,,,,,,3.12,,,,,,,,,,,,,2.66,,,,,,,,,,,,,,,,,,,,,,
G06006100210036,,,,,,,0.9,,,,,1.3,0.39,,,,,,,,,,1.03,,,,0.2,,0.33,1.01,1.3,1.23,,,,,,,,,,,,,,,,,,,,,,,,,,,,,,,,,,,,,,,,,,,,,,,,,,,,,,,,,,1.35,,,,,,,,,,,,,,,,,,,,,,
G06006100210341,,,,,,,2.82,,,,3.93,,,,3.28,,,,,,,,,,,,,1.26,,,,,,2.63,,,,,,,,,,,,,,,,,,,,,,,2.83,,,,,,,,,,,,,,2.23,,,,,2.02,2.0,,,,,,,,,,,,,,,,,,,2.25,,,,,,,,,,,,,,,,
G06006100210342,,,,,,,2.93,,,,3.72,,,,3.56,,,,,,,,,,,,,1.37,,,,,,,,,,,,,,,,,,,,,,,,,3.9,,,,2.62,,,,,,,,,,,,,,2.02,,,,,2.12,,,,,,,,,,,,,,,,,,,,2.03,,,,,3.52,,,,,,,,,,,
G06006100210343,,,,,,,,,,2.77,3.49,,,,3.3,,,,,,,,,,,,,1.51,,,,,,2.64,,,,,,,,,,,,,,,,,,,,,,,2.39,,,,,,,,,,,,,,1.79,,,,,2.19,,,,,,,,,,,,,,,,,,,,1.81,,,,,3.56,,,,,,,,,,,
G06006100210351,,,,1.98,,,,,,2.14,,,,,2.83,2.47,,,0.25,,,,,,,1.76,,,,,,,,2.26,,,,,,,,,,,,,,,,,,,,,,,,,,,,,,,,,,,,,,,2.36,,,,,,,,,,,,,,,,,,,,,,,,,,,0.43,,,,2.75,,,,,,,,
G06006100210352,,,,1.28,,,,,,1.85,,,,,,1.77,,,0.82,,,,,,,,,,,,,,2.46,1.72,,,,,,,,,,,,,,,,,,,,,,,,,,,,,,,,,,,,,,,2.81,,,,,,,,,,,,,,,,,,,,,,,,,,,1.16,,,,2.02,,,,,,,2.19,
G06006100210353,,,,1.31,,,,,,1.89,,,,,2.43,1.8,,,0.85,,,,,,,2.15,,,,,,,,1.76,,,,,,,,,,,,,,,,,,,,,,,,,,,,,,,,,,,,,,,2.74,,,,,,,2.7,,,,,,,,,,,,,,,,,,,,1.27,,,,,,,,,,,,
G06006100210371,,,,0.88,,,,,,0.7,,,,,1.23,0.89,,,,1.71,,,,,,,,,,,,,1.52,0.58,,,,,,,,,,,,,,,,,,,,,,,,,,,,,,,,,,,,,,,2.04,,,,2.17,,,,,,,,,,,,,,,,,,,,,,,,,,,1.37,,,,,,,,
G06006100210381,,,,0.44,,,,,,1.09,,,,,1.63,1.12,,,1.7,2.0,,,,,,,,,,,,,1.82,0.96,,,,,,,,,,,,,,,,,,,,,,,,,,,,,,,,,,,,,,,2.42,,,,,,,,,,,,,,,,,,,,,,,,,,,,,,,1.57,,,,,,,,
G06006100210382,,,,0.64,,,,,,1.28,,2.11,,,,0.35,,,,1.23,,,,,,,,,,,,,1.04,1.16,,,,,,,,,,,,,,,,,,,,,,,,,,,,,,,,,,,,,,,,,,,1.69,,,,,,,,,,,,,,,,,,,,,,,,,,,0.82,,,,,,,1.33,
G06006100210383,,,,0.72,,,,,,1.49,,,,,,0.97,,,1.77,1.8,,,,,,,,,,,,,1.62,1.36,,,,,,,,,,,,,,,,,,,,,,,,,,,,,,,,,,,,,,,,,,,,,,,,,,,,,,,,,,,,,,,,,,2.14,,,,1.16,,,,,,,1.46,
G06006100210384,,,,1.27,,,,,,1.99,,2.17,,,,0.39,,,,1.0,,,,,,,,,,,,,0.81,,,,,,,,,,,,,,,,,,,,,,,,,,,,,,,,,,,,,,,,,,,,1.75,,,,,,,,,,,,,2.14,,,,,,,,,,,,,,0.36,,,,,,,0.87,
G06006100210391,,,,,,,,,,2.72,3.25,,,,3.41,,,,,,,,,,,2.28,,,,,,,,2.84,,,,,,,,,2.69,,,,,,,,,,,,,,1.61,,,,,,,,,,,,,,,,1.8,,,,,,,2.08,,,,,,,,,,,,,,,,3.21,,,,,,,,,,,,,,,,
G06006100210392,,,,,,,,,,2.21,3.63,,,,2.9,,,,2.88,,,,,,,2.23,,,,,,,,2.34,,,,,,,,,2.64,,,,,,,,,,,,,,1.99,,,,,,,,,,,,,,,,1.75,,,,,,,2.03,,,,,,,,,,,,,,,,,,,,,,,,,,,,,,,,
G06006100210401,,,,,,,,,,2.32,2.89,,,,3.01,,,,,,,,,,,2.54,,,,,,,,2.44,,,,,,,,,2.95,,,,,,,,,,,,,,1.24,,,,,,,,,,,,,,,,2.06,,,,,,,2.34,,,,,,,,,,,,,,,,2.84,,,,,,,,,,,,,,,,
G06006100210402,,,,2.46,,,,,,1.3,,,,,1.99,,,,2.18,,,,,,,1.53,,,,,,,,1.42,,,,,,,,,1.94,,,,,,,,,,,,,,,,,,,,,,,,,,,,,,0.6,,,,,,,1.33,,,,,,,,,,,,,,,,,,,,2.37,,,,,,,,,,,,
G06006100210403,,,,2.32,,,,,,1.16,3.04,,,,1.85,,,,2.54,,,,,,,1.93,,,,,,,,1.28,,,,,,,,,2.34,,,,,,,,,,,,,,,,,,,,,,,,,,,,,,1.45,,,,,,,1.73,,,,,,,,,,,,,,,,,,,,,,,,,,,,,,,,
G06006100210431,,,,,,,,,,2.57,1.68,,,,1.91,,,,,,,,,,,,,3.26,,,,,,2.44,,,,,,,,,,,,,,,,,,,,,,,1.33,,,,,,,,,,,,,,2.61,,,,,3.01,,,,4.43,,,,,,,,,,,,,,,,1.26,,,,,,,,,,,,,,,,
G06006100210432,,,,1.76,,,,,,1.16,1.07,,,,0.5,2.16,,,,,,,,,,3.16,,,,,,,,1.03,,,,,,,,,,,,,,,,,,,,,,,1.66,,,,,,,,,,,,,,,,2.37,,,,,,,3.47,,,,,,,,,,,,,,,,,,,,,,,,,,,,,,,,
G06006100210441,,,,,,,,,,,1.58,,,,1.81,,,,,,,,,,,,,,,,,,,2.34,,,,,,,,,3.48,,,,,,,,,,,,,,0.12,,,,,,,,,,,,,4.3,3.12,,,,,3.51,,,,3.23,,,,,,,,,,,,,,,,1.72,,,,,,,,,,,,,,,,
G06006100210442,,,,1.7,,,,,,0.77,1.42,,,,0.13,,,,2.63,,,,,,,2.69,,,,,,,,0.9,,,,,,,,,3.6,,,,,,,,,,,,,,,,,,,,,,,,,,,,,,1.9,,,,,,,2.99,,,,,,,,,,,,,,,,,,,,,,,,,,,,,,,,
G06006100210443,,,,,,,,,,1.82,0.27,,,,1.16,,,,,,,,,,,3.82,,,,,,,,1.69,,,,,,,,,4.73,,,,,,,,,,,,,,1.53,,,,,,,,,,,,,,,,3.03,,,,,,,4.12,,,,,,,,,,,,,,,,2.56,,,,,,,,,,,,,,,,
G06006100210451,,,,,,,1.73,,,,,0.94,,,,,,,,0.74,,,,,,,,,,1.08,0.94,1.19,1.01,,,,,,,,,,,,,,,,,,,,,,,,,,,,,,,,,,,,,,,,,,,,0.53,,,,,,,,,,,,,1.04,,,,,,,,,,,,,,1.27,,,,,,,,
G06006100210452,,,,,,,,,,,,1.37,,,,0.74,,,,0.36,,,,,,,,,,,1.37,1.42,0.35,,,,,,,,,,,,,,,,,,,,,,,,,,,,,,,,,,,,,,,,,,,,0.95,,,,,,,,,,,,,1.47,,,,,,,,,,,,,,0.71,,,,,,,0.93,
G06006100210461,,,,,,,1.85,,,,,1.06,,,,1.11,,,,0.77,,,,,,,,,,,1.06,1.3,1.04,,,,,,,,,,,,,,,,,,,,,,,,,,,,,,,,,,,,,,,,,,,,0.39,,,,,,,,,,,,,1.16,,,,,,,,,,,,,,1.3,,,,,,,,
G06006100210462,,,,2.79,,,2.13,,,,,1.34,,,,1.93,,,,1.6,,,,,,,,,,,1.34,,1.87,,,,,,,,,,,,,,,,,,,,,,,,,,,,,,,,,,,,,,,,,,,,0.8,,,,,,,,,,,,,1.45,,,,,,,,,,,,,,2.13,,,,,,,,
G06006100210463,,,,1.63,,,2.99,,,1.84,,2.2,,,2.37,1.13,,,,,,,,,,,,,,,,,1.13,1.71,,,,,,,,,,,,,,,,,,,,,,,,,,,,,,,,,,,,,,,,,,,1.78,,,,,,,,,,,,,,,,,,,,,,,,,,,1.37,,,,,,,,
G06006100211031,,,,,,,,,,,,,,,,,,,,,,,,,,,,,,,,,,,,,,,,,,,,,,,1.78,1.61,1.35,1.25,1.35,1.81,2.72,,,,,,,,,,,,,,,,,,,2.22,,0.79,,,,,,,,,,,,,,,,,,,,,,,,,,,3.91,,,,,,,,,,,
G06006100211032,,,,,,,,,,,,,,,,,,,,,,,,,,,,,,,,,,,,,,,,,,,,,,,2.69,0.39,1.01,0.27,0.29,0.6,1.36,,,,,,,,,,,,,,,,,,,1.36,,1.5,,,,,,,,,,,,,,,,,,,,,,,,,,,2.7,,,,,,,,,,,
G06006100211033,,,,,,,,,,,,,,,,,,,,,,,,,,,,3.65,,,,,,,,,,,,,,,,,,,,1.6,2.3,1.55,1.57,0.9,0.43,,,,,,,,,,,,,,,,,,,2.26,,2.41,,2.4,,,,,,,,,,,,,,,,,,,,,,,,,,,,,,,,,,,,
G06006100211034,,,,,,,,,,,,,,,,,,,,,,,,,,,,,,,,,,,,,,,,,,,,,,,3.16,1.0,1.48,0.74,0.76,0.05,0.98,,,,,,,,,,,,,,,,,,,1.66,,1.81,,,,,,,,,,,,,,,,,,,,,,,,,,,2.55,,,,,,,,,,,
G06006100211061,,,,,,,,,,,,,,,,,,,,,,,,,,,,,,,,,,,,,,,,,,,,,,,,2.05,2.51,1.76,1.78,1.57,1.43,,,,,,,,,,,,,,,,,,3.4,,,3.06,,2.77,,,,,,,,,,,,,,,,,,,,,,,,,1.93,,,,,,,,,,,
G06006100211062,,,,,,,,,,,,,,,,,,,,,,,,,,,,3.38,,,,,,,,,,,,,,,,,,,,2.63,3.29,2.54,2.56,1.92,0.98,,,,,,,,,,,,,,,,,,2.21,,,,,1.58,,,,,,,,,,,,,,,,,,,,,,,,,1.46,,,,,,,,,,,
G06006100211081,,,,,,,,,,,,,,,,,,,,,,,,,,,,3.95,,,,,,,,,,,,,,,,,,,,0.97,1.71,0.96,0.98,0.74,0.73,,,,,,,,,,,,,,,,,,,1.63,,1.77,,2.7,,,,,,,,,,,,,,,,,,,,,,,,,,,,,,,,,,,,
G06006100211082,,,,,,,,,,,,,,,,,,,,,,3.62,,,,,,3.96,,,,,,,,,,,,,,,,,,,,1.03,1.83,1.2,1.16,1.06,0.93,,,,,,,,,,,,,,,,,,,1.68,,1.82,,,,,,,,,,,,,,,,,,,,,,,,,,,,,,,,,,,,,,
G06006100211091,,,,,,,,,,,,,,,,,,,,,,3.86,,,,,,,,,,,,,,,,,,,,,,,,,3.01,1.56,2.04,2.19,1.82,2.23,2.93,,,,,,,,,,,,,,,,,,,1.2,,2.03,,,,,,,,,,,,,,,,,,,,,,,,,,,,,,,,,,,,,,
G06006100211092,,,,,,,,,,,,,,,,,,,,,,,,,,,,,,,,,,,,,,,,,,,,,,,2.14,0.69,1.17,1.33,0.95,1.37,2.07,,,,,,,,,,,,,,,,,,,0.24,,1.16,,,,,,,,,,,,,,,,,,,,,,,,,,,3.76,,,,,,,,,,,
G06006100211221,,,5.02,,,,,,,,,,,,,,,,,,,,,,,,,,,,,,,,,,,,,,4.44,,,,8.69,,7.37,,,,,,,,,4.74,,,,,,,,,,,,,,4.86,,,,,,,,,,,,,,,10.54,,,,8.11,,,,,,,,,,,,3.45,7.67,,,,,,,,,,
G06006100211222,,,4.17,,,,,,,,,,,,,,,,,,,,,,,,,,,,,,,,,,,,,,5.24,,,,7.75,,,,,4.01,,,,,,5.55,,,,,,,,,,,,,,4.01,3.56,,,,,,,,,,,,,,,,,,7.18,,,,,,,,,,,,2.52,6.74,,,,,,,,,,
G06006100211231,,,3.94,,,,,,,,,,,,,,,,,,,,,,,,,,,,,,,,,,,,,,,,,,,,5.86,,4.19,3.44,3.46,3.24,,,,,,,,,,,,,,,,,,,2.98,,,,,,,,,,,,,,,,,,6.6,,,,,,,,,,,,1.94,6.16,,,,,,,,,,
G06006100211232,,,3.92,,,,,,,,,,,,,,,,,,,,,,,,,,,,,,,,,,,,,,,,,,,,,,4.37,3.62,,3.43,,,,5.3,,,,,,,,,,,,,,3.77,3.17,,,,,,,,,,,,,,,,,,6.79,,,,,,,,,,,,2.13,6.35,,,,,,,,,,
G06006100211233,,,,,,,,,,,,,,,,,,,,,,,,,,,,,,,,,,,,,,,,,5.63,,,,8.03,,6.72,,5.04,4.29,,,,,,5.94,,,,,,,,,,,,,,,,,,,,,,,,,,,,,9.89,,,,7.46,,,,,,,,,,,,3.01,7.02,,,,,,,,,,
G06006100211281,,,,,,,,,,,,,,,,,,,,,,,,,,,,3.08,,,,,,,,,,,,,,,,,,,,2.69,3.38,2.63,2.65,1.98,1.04,,,,,,,,,,,,,,,,,,2.12,,,,,1.49,,,,,,,,,,,,,,,,,,,,,,,,,1.37,,,,,,,,,,,
G06006100211282,,,,,,,,,,,,,,,,,,,,,,,,,,,,2.86,,,,,,,,,,,,,,,,,,,,2.45,3.15,2.4,2.42,1.74,0.8,,,,,,,,,,,,,,,,,,2.34,,,,,1.39,,,,,,,,,,,,,,,,,,,,,,,,,1.59,,,,,,,,,,,
G06006100211291,,,,,,,,,,,,,,,,,,,,,,,,,,,,3.19,,,,,,,,,,,,,,,,,,,,2.16,2.85,2.1,2.12,1.45,0.5,,,,,,,,,,,,,,,,,,,2.82,,2.96,,1.91,,,,,,,,,,,,,,,,,,,,,,,,,,,,,,,,,,,,
G06006100211292,,,,,,,,,,,,,,,,,,,,,,,,,,,,3.27,,,,,,,,,,,,,,,,,,,,1.61,2.3,1.55,1.57,0.9,0.29,,,,,,,,,,,,,,,,,,,2.27,,2.41,,2.26,,,,,,,,,,,,,,,,,,,,,,,,,,,,,,,,,,,,
G06006100211301,,,3.11,,,,,,,,,,,,,,,,,,,,,,,,,,,,,,,,,,,,,,,,,,,,,,4.64,3.89,3.91,3.48,,,,,,,,,,,,,,,,,,2.95,1.94,,,,,1.87,,,,,,,,,,,,,,,,,,,,4.04,,,,,1.8,,,,,,,,,,,
G06006100211311,,,,,,,,,,,,,,,,,,,,,,,,,,,,,,,,,,,,,,,,,,,,,,,,2.72,3.18,2.43,2.45,2.24,1.71,,,,,,,,,,,,,,,,,,2.02,,,3.73,,1.52,,,,,,,,,,,,,,,,,,,,,,,,,0.36,,,,,,,,,,,
G06006100211312,,,,,,,,,,,,,,,,,,,,,,,,,,,,,,,,,,,,,,,,,,,,,,,,3.23,3.7,2.95,2.97,2.76,2.04,,,,,,,,,,,,,,,,,3.73,2.14,,,,,1.85,,,,,,,,,,,,,,,,,,,,,,,,,0.17,,,,,,,,,,,
G06006100212031,,,,,,,,,,,,,,,,,,,,,,,,,,,,,,,,,,,,,,,,,,,,,1.01,,2.5,,3.46,3.36,3.46,,,,,,,,,,,,,,,,,,,,,3.71,,3.01,,,,,,,,,,,3.07,,,,2.84,,,,,,,,,,,,,0.61,,,,,,,,,,
G06006100212032,,,,,,,,,,,,,,,,,,,,,,,,,,,,,,,,,,,,,,,,,,,,,2.54,,2.12,,3.08,2.99,3.08,,,,,,,,,,,,,,,,,,,,,3.34,,2.63,,,,,,,,,,,,,,,2.14,,,,,,,,,,,,5.65,1.58,,,,,,,,,,
G06006100212033,,,,,,,,,,,,,,,,,,,,,,,,,,,,,,,,,,,,,,,,,8.01,,,,3.14,,4.21,,5.17,5.08,,,,,,7.49,,,,,,,,,,,,,,,,,,4.72,,,,,,,,,,,2.79,,,,2.83,,,,,,,,,,,,,2.33,,,,,,,,,,
G06006100212041,,,,,,,,,,,,,,,,,,,,,,,,6.83,,,,,,,,,,,,,,,,,7.81,7.38,,,4.32,,,,,,,,,,,7.29,,,,,,,,,,,,8.37,,,,,,,,,,,,,,,,,1.73,9.32,,,4.11,,,,,,8.71,,,,,,,,,,,,,,,,,
G06006100212042,,,,,,,,,,,,,,,,,,,,,,,,6.88,,,,,,,,,,,,,,,,,7.86,7.43,,,3.36,,4.56,,5.52,,,,,,,7.34,,,,,,,,,,,,,,,,,,,,,,,,,,,,,1.64,,,,3.17,,,,,,,,,,,,,2.67,,,,,,,,,,
G06006100213041,,,,,,,,,,,,,,,,,,,,,,,,,,,,,,,,,,,,,,,,,,,,,,,,,,,,,,,,,,,16.47,16.52,16.56,16.52,16.56,16.56,16.56,16.57,16.56,,,,,,,,,,,,,,,,,,,,,,,,,,22.16,,,,,,,,,,,,,,,,,,,
G06006100213042,,,,,,,,,,,,,,,,,,,,,,,,,,,,,,,,,,,,,,,,,,,,,,,,,,,,,,,,,,,14.45,14.5,14.54,14.5,14.54,14.54,14.54,14.55,14.54,4.63,,,,,,,,,,,,,,,,,,,,,,,,,,,,,,,,,,,,,,,,,,,,
G06006100213043,,,,,,,,,,,,,,,,,,,,,,,,,,,,,,,,,,,,,,,,,,7.74,,,,,,,,,,,,,,,,11.14,,,,10.08,10.11,10.11,,10.13,10.11,6.65,,,,,,,,,,,,,,,,,,,,,,,,,,11.24,,,,,10.24,,,,,,,,,,,,,
G06006100213044,,,,,,,,,,,,,,,,,,,,,,,,4.41,,,,,,,,,,,,,,,,,6.36,4.15,,,,,,,,,,,,,,6.24,,12.49,,,,,,,,11.47,,3.07,,,,,,,,,,,,,,,,,10.08,,,,,,,,,12.58,,,,,11.59,,,,,,,,,,,,,
G06006100213091,,,4.38,,,,,,,,,,,,,,,,,,,,,6.77,,,,,,,,,,,,,,,,,5.46,,,,8.16,,,,,,,,,,,5.77,,,,,,,,,,,,,,4.23,3.8,,,,,,,,,,,,,,,,,,7.58,,,,,,,,,,,,2.92,7.14,,,,,,,,,,
G06006100213092,,,2.37,,,,,,,,,,,,,,,,,,,,,,,,,,,,,,,,,,,,,,,,,,,,,,,4.07,4.09,3.88,,,,,,,,,,,,,,,,,,2.21,1.8,,,,,2.64,,,,,,,,,,,,,7.24,,,,,,,3.88,,,,,2.58,,,,,,,,,,,
G06006100213093,,,3.0,,,,,,,,,,,,,,,,,,,,,3.08,,,,,,,,,,,,,,,,,1.77,,,,,,,,,,,,,,,2.08,,,,,,,,,,,,,,2.84,3.32,,,,,,,,,,,,,,,,,,8.68,,,,,,,5.04,,,,,4.1,8.43,,,,,,,,,,
G06006100213094,,,2.45,,,,,,,,,,,,,,,,,,,,,,,,,,,,,,,,,,,,,,2.59,,,,,,,,,4.88,,,,,,2.89,,,,,,,,,,,,,,2.29,2.5,,,,,3.34,,,,,,,,,,,,,8.05,,,,,,,4.32,,,,,3.28,,,,,,,,,,,
G06006100213221,,,10.24,,,,,,,,,,,,,,,,,,,,,7.78,,,,,,,,,,,,,,,,,8.45,8.42,,,,,,,,,,,,,,9.44,,,,,,,19.7,,,19.72,,5.66,,10.09,,,,,,,,,,,,,,,14.35,,,,,,,,,,,,,,,,,,,,,,,,,,,
G06006100213222,,,7.92,,,,,,,,5.22,,,,5.46,,,,,,,,,,,2.94,,,,,,,,,,,,,,,,,2.34,,,,,,,,,,,,,,3.58,,,,,,,,,,,,,7.76,,,3.85,,,,,,,2.58,,,,,,,,,,,,,,,,5.18,,,,,,,,,,,,,,,,
G06006100214011,,,,,,,,,,,,,,,,,,,,,,,,2.85,,,,,,,,,,,,,,,,,4.59,2.59,,,,,,,,,,,,,,4.68,,13.71,,,,,,,,,,1.16,,,,,,,,,,,,,,,,,8.52,,,,,,,,,,,,,,13.43,,,,,,,14.01,,14.11,,,,
G06006100214012,,,6.56,,,,,,,,,,,,,,,,,,,,,2.32,,,,,,,,,,,,,,,,,4.28,2.07,,,9.78,,,,,,,,,,,4.15,,13.76,,,,,,,,,,0.91,,,,,,,,,,,,,,,,,8.0,,,,7.87,,,,,,,,,,,,,,,,,,,,,,,
G06006100214031,,,6.25,,,,,,,,,,,,,,,,,,,,,2.51,,,,,,,,,,,,,,,,,3.96,3.45,,,11.02,,,,,,,,,,,4.24,,,,,,,,,,,,1.14,,6.09,,,,,,,,,,,,,,,9.24,,,,9.11,,,,,,,,,,,,,,,,,,,,,,,
G06006100214032,,,6.56,,,,,,,,,,,,,,,,,,,,,2.92,,,,,,,,,,,,,,,,,4.34,2.88,,,10.59,,,,,,,,,,,4.96,,,,,,,,,,,,0.09,,6.4,,,,,,,,,,,,,,,8.82,,,,8.69,,,,,,,,,,,,,,,,,,,,,,,
G06006100214033,,,6.13,,,,,,,,,,,,,,,,,,,,,2.49,,,,,,,,,,,,,,,,,3.91,2.64,,,10.34,,,,,,,,,,,4.53,,,,,,,,,,,,0.34,,5.97,,,,,,,,,,,,,,,8.57,,,,8.44,,,,,,,,,,,,,,,,,,,,,,,
G06006100214034,,,6.69,,,,,,,,,,,,,,,,,,,,,2.95,,,,,,,,,,,,,,,,,4.4,3.27,,,10.98,,,,,,,,,,,4.68,,,,,,,,,,,,0.66,,6.53,,,,,,,,,,,,,,,9.2,,,,9.07,,,,,,,,,,,,,,,,,,,,,,,
G06006100214035,,,7.07,,,,,,,,,,,,,,,,,,,,,3.43,,,,,,,,,,,,,,,,,4.86,3.4,,,11.11,,,,,,,,,,,5.19,,,,,,,,,,,,0.61,,6.92,,,,,,,,,,,,,,,9.33,,,,9.2,,,,,,,,,,,,,,,,,,,,,,,
G06006100215011,,,,,,,,,,,,,,,,,,,,,,,,,6.74,,,,,,,,,,,,,,,,,,,,,,,,,,,,,,,,,5.75,,,,,,,,7.56,,,,,,,,,,,,,,,,,,,,,,,,,,,,6.53,,,,,5.92,,,,,,5.85,6.05,6.05,6.15,5.89,,,
G06006100215012,,,,,,,,,,,,,,,,,,,,,,,,,2.87,,,,,,,,,,,,,,,,,,,,,,,,,,,,,,,,,3.04,,,,,,,,3.11,,,,,,,,,,,,,,,,,,,,,,,,,,,,2.04,,,,,1.43,,,,,,3.63,3.67,3.67,3.77,3.51,,,
G06006100215013,,,,,,,,,,,,,,,,,,,,,,,,,3.22,,,,,,,,,,,,,,,,,,,,,,,,,,,,,3.15,,,,2.14,,,,,,,,,,,,,,,,,,,,,,,,,,,,,,,,,,,,3.8,,,,,4.66,,,,,,3.04,3.08,3.08,3.18,2.92,,,
G06006100215021,,,,,,,,,,,,,,,,,,,,,,,,,0.6,,,,,,,,,,,,,,,,,,,,,,,,,,,,,2.41,,,,1.98,,,,,,,,,,,,,,,,,,,,,,,,,,,,,,,,,,,,0.8,,,,,2.51,,,,,,2.05,2.08,2.08,2.18,1.93,,,
G06006100215022,,,,,,,,,,,,,,,,,,,,,,,,,1.85,,,,,,,,,,,,,,,,,,,,,,,,,,,,,2.86,,,,2.75,,,,,,,,,,,,,,,,,,,,,,,,,,,,,,,,,,,,2.29,,,,,4.0,,,,,,2.28,2.46,2.46,2.56,2.3,,,
G06006100216031,,,,,,,,,,,,,,,,,,,,,,,,,,,,,,,,,,,,,,,,,,,,,,,,,,,,,,,,,,,0.42,0.37,0.4,0.37,0.4,0.4,0.4,0.32,0.4,,,,,,,,,,,,,,,,,,,,,,,,,,,,,,,,2.0,,,,,,,,,,,,,
G06006100216032,,,,,,,,,,,,,,,,,,,,,,,,,,,,,,,,,,,,,,,,,,,,,,,,,,,,,,,,,,,1.03,1.09,1.12,1.09,1.12,1.12,1.12,1.14,1.12,,,,,,,,,,,,,,,,,,,,,,,,,,,,,,,,0.7,,,,,,,,,,,,,
G06006100216033,,,,,,,,,,,,,,,,,,,,,,,,,,,,,,,,,,,,,,,,,,,,,,,,,,,,,,,,,,,1.26,1.31,1.35,1.31,1.35,1.35,1.35,1.36,1.35,,,,,,,,,,,,,,,,,,,,,,,,,,,,,,,,2.07,,,,,,,,,,,,,
G06006100216041,,,,,,,,,,,,,,,,,,,,,,,,,,,,,,,,,,,,,,,,,,,,,,,,,,,,,,,,,,,8.45,8.5,8.54,8.5,8.54,8.54,8.54,8.55,8.54,,,,,,,,,,,,,,,,,,,,,,,,,,,,,,,,8.66,,,,,,,,,,,,,
G06006100216042,,,,,,,,,,,,,,,,,,,,,,,,,,,,,,,,,,,,,,,,,,,,,,,,,,,,,,,,,,,6.89,6.95,6.98,6.95,6.98,6.98,6.98,,,,,,,,,,,,,11.68,12.42,,,,,,,,,,,,,,12.52,,,,,,,,,,,,,,,,,,,
G06006100218011,,,,,,,,,,,,,,,,,,,,,,,,,,,,,,,,,,,,,,,,,,,,,,,,,,,,,,,,,,,5.29,5.35,5.39,5.35,5.39,5.39,5.39,,,,,,,,,,,,,5.66,6.01,,,,,,,,,,,,,,5.98,,,,,,,,,,,,,,,,,,,
G06006100218012,,,,,,,,,,,,,,,,,,,,,,,,,,,,,,,,,,,,,,,,,,,,,,,,,,,,,,,,,,,5.54,5.59,5.63,5.59,5.63,5.63,5.63,5.64,5.63,,,,,,,,,,,3.73,,,,,,,,,,,,,,,,,,,,,,,,,,,,,,,,,,
G06006100218013,,,,,,,,,,,,,,,,,,,,,,,,,,,,,,,,,,,,,,,,,,,,,,,,,,,,,,,,,,,2.59,2.64,2.68,2.64,2.68,2.68,2.68,2.69,2.68,,,,,,,,,,,6.05,,,,,,,,,,,,,,,,,,,,,,,,,,,,,,,,,,
G06006100218014,,,,,,,,,,,,,,,,,,,,,,,,,,,,,,,,,,,,,,,,,,,,,,,,,,,,,,,,,,,3.92,3.97,4.01,3.97,4.01,4.01,4.01,,,,,,,,,,,,,8.7,9.45,,,,,,,,,,,,,,9.54,,,,,,,,,,,,,,,,,,,
G06006100218021,,,,,,,,,,,,,,,,,,,,,,,,,,,,,,,,,,,,,,,,,,,,,,,,,,,,,,,,,,,2.2,2.26,2.29,2.26,2.29,2.29,2.29,2.31,2.29,,,,,,,,,,,,,,,,,,,,,,,,,,,,,,,,1.73,,,,,,,,,,,,,
G06006100218022,,,,,,,,,,,,,,,,,,,,,,,,,,,,,,,,,,,,,,,,,,,,,,,,,,,,,,,,,,,,2.94,2.97,2.94,2.97,2.97,2.97,2.98,2.97,,,,,,,,,,,,,,,,,,,,,,,,,,,1.5,,,,,1.59,,,,,,,,,,,,,
G06006100218023,,,,,,,,,,,,,,,,,,,,,,,,,3.33,,,,,,,,,,,,,,,,,,,,,,,,,,,,,,,,,,,,3.46,3.42,3.46,3.46,3.46,3.47,3.46,,,,,,,,,,,,,,,,,,,,,,,,,,,2.5,,,,,2.08,,,,,,,,,,,,,
G06006100218024,,,,,,,,,,,,,,,,,,,,,,,,,,,,,,,,,,,,,,,,,,,,,,,,,,,,,,,,,,,,5.42,5.45,5.42,5.45,5.45,5.45,5.47,5.45,,,,,,,,,,,,,,,,,,,,,,,,,,,3.8,,,,,4.18,,,,,,,,,,,,,
G06006100219011,,,,,,,,,,,,,,,,,,,,,,,,,,,,,,,,,,,,,,,,,,,,,,,,,,,,,,,,,,,12.15,12.21,12.24,,,,,,,,,,,,,,,,,5.51,4.41,,16.67,16.52,6.81,6.39,,,,,,,,,4.6,,,,,,,,,,,,,,,,,,,
G06006100219012,,,,,,,,,,,,,,,,,,,,,,,,,,,,,,,,,,,,,,,,,,,,,,,,,,,,,,,,,,,10.66,10.71,10.75,10.71,10.75,10.75,10.75,,,,,,,,,,,,,6.07,4.99,,,,,,,,,,,,,,5.18,,,,,,,,,,,,,,,,,,,
G06006100219021,,,,,,,,,,,,,,,,,,,,,,,,,,,,,,,,,,,,,,,,,,,,,,,,,,,,,,,,,,,9.55,9.6,9.64,9.6,9.64,9.64,9.64,,,,,,,,,,,,,2.91,1.81,,,,,,,,,,,,,,2.0,,,,,,,,,,,,,,,,,,,
G06006100219022,,,,,,,,,,,,,,,,,,,,,,,,,,,,,,,,,,,,,,,,,,,,,,,,,,,,,,,,,,,10.64,10.69,10.73,10.69,,10.73,,,,,,,,,,,,,,4.0,2.9,,22.01,21.87,,,,,,,,,,,3.09,,,,,,,,,,,,,,,,,,,
G06006100219023,,,,,,,,,,,,,,,,,,,,,,,,,,,,,,,,,,,,,,,,,,,,,,,,,,,,,,,,,,,8.39,8.45,8.48,8.45,8.48,8.48,8.48,,,,,,,,,,,,,3.44,2.35,,,,,,,,,,,,,,2.54,,,,,,,,,,,,,,,,,,,
G06006100220021,,,,,,,,,,,,,,,,,,,,,,,,,,,,,,,,,,,,8.84,61.82,,67.22,,,,,,,,,,,,,,,,,,,,,,,,,,,,,,,,,,,,67.47,,,,,,17.1,16.96,3.51,3.08,,,66.74,67.06,,,,,,,,,,,,,,,,,,,,,,,,
G06006100220022,,,,,,,,,,,,,,,,,,,,,,,,,,,,,,,,,,,,11.68,,,,,,,,,,,,,,,,,,,,,,,16.94,17.0,,,,,,,,,,,,,,,,,,10.3,9.2,,17.28,17.13,2.55,2.88,,,,,,,,,9.39,,,,,,,,,,,,,,,,,,,
G06006100220023,,,,,,,,,,,,,,,,,,,,,,,,,,,,,,,,,,,,,,,,,,,,,,,,,,,,,,,,,,,15.33,15.38,15.42,,,,,,,,,,,,,,,,,10.14,9.05,,11.73,11.59,5.17,4.75,,,,,,,,,9.24,,,,,,,,,,,,,,,,,,,
G06006100220111,,,,,,,,,,,,,,,,,,,,,,,,,,,,,,,,,,,,49.75,18.38,,18.87,,,,,,,5.97,,,,,,,,,,,,,,,,,,,,,,,,,,,,,13.77,,,,,,,,59.92,,,,13.2,12.87,,,22.77,,,,,,,,,,,,,,,,,,,10.2,,
G06006100220112,,,,,,,,,,,,,,,,,,,,,,,,,,,,,,,,,,,,55.72,24.36,,21.74,,,,,,,8.84,,,,,,,,,,,,,,,,,,,,,,,,,,,,,16.64,,,,,,,,65.89,,,,16.07,15.74,,,28.74,,,,,,,,,,,,,,,,,,,13.07,,
G06006100220131,,,,,,,,,,,,,,,,,,,,,,,,,,,,,,,,,,,,22.72,46.38,,51.77,,,,,,,48.22,,,,,,,,,,,,,,,,,,,,,,,,,,,,,52.03,,,,,,,,32.89,,,,51.29,51.62,,,22.44,,,,,,,,,,,,,,,,,,,52.45,,
G06006100220132,,,,,,,,,,,,,,,,,,,,,,,,,,,,,,,,,,,,2.09,55.08,,60.47,,,,,,,56.92,,,,,,,,,,,,,,,,,,,,,,,,,,,,,60.73,,,,,,,,12.09,11.66,,,59.99,60.32,,,,,,,,,,,,,,,,,,,,,,61.15,,
G06006100220133,,,,,,,,,,,,,,,,,,,,,,,,,,,,,,,,,,,,11.71,57.57,,62.97,,,,,,,59.41,,,,,,,,,,,,,,,,,,,,,,,,,,,,,63.22,,,,,,,,21.88,21.46,,,62.49,62.82,,,,,,,,,,,,,,,,,,,,,,63.64,,
G06006100220141,,,,,,,,,,,,,,,,,,,,,,,,,,,,,,,,,,,,33.82,24.36,,29.76,,,,,,,26.21,,,,,,,,,,,,,,,,,,,,,,,,,,,,,30.02,,,,,,,,43.99,,,,29.28,29.61,,,6.84,,,,,,,,,,,,,,,,,,,30.44,,
G06006100220142,,,,,,,,,,,,,,,,,,,,,,,,,,,,,,,,,,,,52.78,1.43,,10.32,,,,,,,16.98,,,,,,,,,,,,,,,,,,,,,,,,,,,,,10.58,,,,,,,,62.96,,,,9.84,10.17,,,25.8,,,,,,,,,,,,,,,,,,,13.86,,
G06006100220143,,,,,,,,,,,,,,,,,,,,,,,,,,,,,,,,,,,,54.05,6.23,,8.87,,,,,,,15.52,,,,,,,,,,,,,,,,,,,,,,,,,,,,,9.12,,,,,,,,64.22,63.8,,,8.39,8.72,,,,,,,,,,,,,,,,,,,,,,12.41,,
G06006100221001,,,,,,,,,,,,,,,,,,,,,,,,,,,,,,,,,,,,59.16,11.34,,3.5,,,,,,,13.41,,,,,,,,,,,,,,,,,,,,,,,,,,,,,7.01,,,,,,,,69.34,68.91,,,6.28,6.6,,,,,,,,,,,,,,,,,,,,,,10.29,,
G06006100221002,,,,,,,,,,,,,,,,,,,,,,,,,,,,,,,,,,,,62.04,14.22,,5.2,,,,,,,16.29,,,,,,,,,,,,,,,,,,,,,,,,,,,,,9.89,,,,,,,,72.21,71.79,,,9.15,9.48,,,,,,,,,,,,,,,,,,,,,,13.17,,
G06006100222001,,,,,,,,,,,,,,,,,,,,,,,,,,,,,,,,,,,,51.95,4.13,,6.77,,,,,,,13.42,,,,,,,,,,,,,,,,,,,,,,,,,,,,,7.03,,,,,,,,62.12,61.7,,,6.29,6.62,,,,,,,,,,,,,,,,,,,,,,10.31,,
G06006100222002,,,,,,,,,,,,,,,,,,,,,,,,,,,,,,,,,,,,56.14,8.31,,2.96,,,,,,,10.38,,,,,,,,,,,,,,,,,,,,,,,,,,,,,3.98,,,,,,,,66.31,65.88,,,3.25,3.58,,,,,,,,,,,,,,,,,,,,,,7.26,,
G06006100223001,,,,,,,,,,,,,,,,,,,,,,,,,,,,,,,,,,,,60.89,13.06,,2.7,,,,,,,15.13,,,,,,,,,,,,,,,,,,,,,,,,,,,,,8.73,,,,,,,,71.06,70.63,,,8.0,8.33,,,,,,,,,,,,,,,,,,,,,,12.01,,
G06006100223002,,,,,,,,,,,,,,,,,,,,,,,,,,,,,,,,,,,,62.35,14.52,,4.16,,,,,,,,,,,,,,,,,,,,,,,,,,,,,,,,,,,,10.19,,,,,,83.6,83.45,72.52,72.09,,,9.46,9.79,,,,,,,,,,,,,,,,,,,,,,,,
G06006100224001,,,,,,,3.1,,,,,,2.59,,,,,,,,,0.9,3.0,,,,2.39,3.1,2.52,,,,,,,,,,,,,,,,,,,,,,,,3.14,,2.38,,,,,,,,,,,,,,3.5,,,,,,,,,,,,,,,,,,,,,,,,,,,,,,,,,,,,,,,,,,,
G06006100224002,,,,,,,3.76,,,,,,3.24,,,,,,,,,1.18,,,,,3.05,3.76,3.18,,,,,,,,,,,,,,,,,,,4.51,,,,,3.8,,2.82,,,,,,,,,,,,,,3.78,,,,,,,,,,,,,,,,,,,,,,,,,,,,,,,,,,,,,,,,,,,
G06006100225001,,4.14,,3.5,,,,,,,,,,,,,,,3.82,,,,,,,,,,,,,,4.15,,,,,1.96,,1.59,,,,,,,,,,,,,,,,,,,,,,,,,,,,,,,,,,,,,,,,,,,,,,,,,,,,,,,,,,,,3.49,,,,3.73,,,,,,,3.55,4.94
G06006100225002,,,,3.46,,,,,,3.55,,,,,,,,,2.06,,,,,,,3.17,,,,,,,,,,,,1.36,,1.4,,,,,,,,,,,,,,,,,,,,,,,,,,,,,,,,,3.77,,,,,,,,,,,,,,,,,,,,,,,,,,,1.72,,,,3.69,,,,,,,3.86,
G06006100226001,,,,,,,2.37,,,,,2.84,2.46,,3.58,,,,,,,,,,,,,0.81,,,,,,,,,,,,,,,,,,,,,,,,,3.35,,,,,,,,,,,,,,,,,,2.46,,,,,1.56,2.3,,,,,,,,,,,,,,,,,,,3.0,,,,,,,,,,,,,,,,
G06006100228001,,,,,,,,,,,,,,,,,,,,,,,,,,,,1.76,,,,,,,,,,,,,,,,,,,,3.93,,3.87,3.9,3.22,2.28,,,,,,,,,,,,,,,,,,1.16,,,,,0.26,,,,,,,,,,,,,,,,,,,,2.83,,,,,1.66,,,,,,,,,,,
G06006100229001,,,3.27,,,,,,,,,,,,,,,,,,,,,,,,,2.39,,,,,,,,,,,,,,,,,,,,,,3.71,,3.09,2.15,,,,,,,,,,,,,,,,,3.12,0.99,,,,,0.92,,,,,,,,,,,,,,,,,,,,3.21,,,,,1.41,,,,,,,,,,,
G06006100230001,,,2.26,,,,,,,,4.56,,,,,,,,,,,,,,,,,3.36,,,,,,,,,,,,,,,,,,,,,,,,4.18,,,,,3.46,,,,,,,,,,,,,2.1,1.51,,,,,2.34,,,,,,,,,,,,,,,,,,,,2.88,,,,,2.5,,,,,,,,,,,
G06006100231001,,,5.15,,,,,,,,2.48,,,,2.72,,,,,,,,,,,,,,,,,,,,,,,,,,,,,,,,,,,,,,,,,,0.95,,,,,,,,,,,,,4.99,3.81,,,,,4.2,,,,4.05,,,,,,,,,,,,,,,,2.41,,,,,5.58,,,,,,,,,,,
G06006100231002,,,5.46,,,,,,,,2.76,,,,3.0,,,,,,,,,,,3.26,,,,,,,,,,,,,,,,,3.31,,,,,,,,,,,,,,1.12,,,,,,,,,,,,,5.3,4.12,,,,,,,,,3.06,,,,,,,,,,,,,,,,2.72,,,,,,,,,,,,,,,,
G06006100231003,,,5.1,,,,,,,,2.43,,,,2.67,,,,,,,,,,,,,,,,,,,,,,,,,,,,,,,,,,,,,,,,,,1.26,,,,,,,,,,,,,4.94,3.76,,,,,4.15,,,,4.36,,,,,,,,,,,,,,,,2.36,,,,,5.53,,,,,,,,,,,
G06006100232001,,,5.53,,,,,,,,,,,,,,,,,,,,,2.82,,,,,,,,,,,,,,,,,3.29,4.03,,,,,,,,,,,,,,4.29,,,,,,,,,,,,3.54,,5.37,,,,,,,,,,,,,,,,,,,9.42,,,,,,,7.55,,,,,7.86,,,,,,,,,,,
G06006100233001,,,5.68,,,,,,,,,,,,,,,,,,,,,1.9,,,,,,,,,,,,,,,,,3.35,2.51,,,10.41,,,,,,,,,,,3.63,,,,,,,,,,,,2.02,,5.52,,,,,,,,,,,,,,,8.63,,,,8.5,,,,,,,,,,,,,,,,,,,,,,,
G06006100233002,,,5.48,,,,,,,,,,,,,,,,,,,,,2.78,,,,,,,,,,,,,,,,,3.25,3.99,,,11.28,,,,,,,,,,,4.24,,,,,,,,,,,,3.49,,5.33,,,,,,,,,,,,,,,9.51,,,,9.38,,,,,,,,,,,,,,,,,,,,,,,
G06006100234001,,,,,,,,,,,,,,,,,,,,,,,,5.79,,,,,,,,,,,,,,,,,6.46,6.43,,,,,,,,,,,,,,7.46,,,,,,,17.72,,,17.73,17.72,3.68,,,,,,,,,,,,,,,,,12.36,,,,,,,,,,,,,,17.85,,,,,,,,,,,,,
G06006100234002,,,7.03,,,,,,,,,,,,,,,,,,,,,3.39,,,,,,,,,,,,,,,,,4.82,3.36,,,,,,,,,,,,,,5.18,,15.05,,,,,,,,,,0.6,,,,,,,,,,,,,,,,,9.29,,,,9.16,,,,,,,,,,14.77,,,,,,,,,,,,,
G06006100235001,,,,,,,,,,,,,,,,,,,,,,,,,,,,,,,,,,,,,,,,,,,,,,,,,,,,,,,,,,,,,,,,,,,,,,,,,,,,,,,,,,,,,,,,,,,,,,,,,,,,,,,,,,,,,,,,
G06006100236001,,,4.49,,,,,,,,,,,,,,,,,,,,,1.92,,,,,,,,,,,,,,,,,1.1,2.9,,,8.84,,,,,,,,,,,0.75,,,,,,,,,,,,4.13,,4.33,,,,,,,,,,,,,,,7.06,,,,6.93,,,,,,,,,,,,,,,,,,,,,,,
G06006100236002,,,5.71,,,,,,,,,,,,,,,,,,,,,2.08,,,,,,,,,,,,,,,,,2.32,2.67,,,8.54,,,,,,,,,,,1.8,,,,,,,,,,,,4.09,,5.55,,,,,,,,,,,,,,,6.76,,,,6.63,,,,,,,,,,,,,,,,,,,,,,,
G06006100237001,,,6.09,,,,,,,,,,,,,,,,,,,,,1.38,,,,,,,,,,,,,,,,,3.34,1.14,,,9.29,,,,,,,,,,,3.23,,,,,,,,,,,,2.32,,5.93,,,,,,,,,,,,,,,7.51,,,,7.38,,,,,,,,,,,,,,,,,,,,,,,
G06006100237002,,,5.92,,,,,,,,,,,,,,,,,,,,,0.52,,,,,,,,,,,,,,,,,2.84,2.31,,,8.72,,,,,,,,,,,2.62,,,,,,,,,,,,3.22,,5.76,,,,,,,,,,,,,,,6.94,,,,6.81,,,,,,,,,,,,,,,,,,,,,,,
G06006100238001,,,7.68,,,,,,,,,,,,,,,,,,,,,3.2,,,,,,,,,,,,,,,,,5.16,2.95,,,9.27,,,,,,,,,,,5.04,,,,,,,,,,,,2.65,,,,,,,,,,,,,,,,,7.49,,,,7.36,,,,,,,,,,,,,8.45,,,,,,,,,,
G06006100239001,,,7.98,,,,,,,,,,,,,,,,,,,,,4.24,,,,,,,,,,,,,,,,,5.69,4.88,,,12.59,,,,,,,,,,,5.97,,,,,,,,,,,,2.12,,7.83,,,,,,,,,,,,,,,10.81,,,,10.68,,,,,,,,,,,,,,,,,,,,,,,
G06006109900000,,,,,,,,,,,,,,,,,,,,,,,,,,,,,,,,,,,,59.34,11.52,,7.01,,,,,,,7.76,,,,,,,,,,,,,,,,,,,,,,,,,,,,,1.99,,,,,,,,69.51,69.09,,,1.43,1.1,,,,,,,,,,,,,,,,,,,,,,4.64,,
